Ligand,Receptor,Comments,
TNFRSF14,CD160,Co-inhibitory,
CD200R,CD200,Co-inhibitory,
CD80,CD274,Co-inhibitory,
CD80,CTLA4,Co-inhibitory,
CD86,CTLA4,Co-inhibitory,
LGALS9,HAVCR2,Co-inhibitory,
HLA-E,KLRD1,Co-inhibitory,
HLA-DPB1,LAG3,Co-inhibitory,
HLA-DQA1,LAG3,Co-inhibitory,
HLA-DQB1,LAG3,Co-inhibitory,
HLA-DRA,LAG3,Co-inhibitory,
HLA-DRB1,LAG3,Co-inhibitory,
HLA-DPA1,LAG3,Co-inhibitory,
HLA-DRB5,LAG3,Co-inhibitory,
HLA-DQA2,LAG3,Co-inhibitory,
HLA-DRB4,LAG3,Co-inhibitory,
HLA-DRB3,LAG3,Co-inhibitory,
HLA-DQB2,LAG3,Co-inhibitory,
HLA-DMA,LAG3,Co-inhibitory,
HLA-DMB,LAG3,Co-inhibitory,
HLA-DOB,LAG3,Co-inhibitory,
HLA-DPB2,LAG3,Co-inhibitory,
C1QA,LAIR1,Co-inhibitory,
C1QB,LAIR1,Co-inhibitory,
C1QC,LAIR1,Co-inhibitory,
CD274,PDCD1,Co-inhibitory,
PDCD1LG2,PDCD1,Co-inhibitory,
PVR,TIGIT,Co-inhibitory,
NECTIN2,TIGIT,Co-inhibitory,
NECTIN3,TIGIT,Co-inhibitory,
TNFSF14,TNFRSF14,Co-inhibitory,
TNFSF9,TNFRSF9,Co-inhibitory,
CD6,ALCAM,Co-stimulatory,
CD80,BTLA,Co-stimulatory,
CD80,CD28,Co-stimulatory,
CD86,CD28,Co-stimulatory,
ICOS,ICOSLG,Co-stimulatory,
SLAMF1,SLAMF1,Co-stimulatory,
CD84,CD84,Co-stimulatory,
CD70,CD27,Co-stimulatory,
TNFSF4,TNFRSF4,Co-stimulatory,
TNFSF9,TNFRSF9,Co-stimulatory,
TNFSF8,TNFRSF8,Co-stimulatory,
TNFSF18,TNFRSF18,Co-stimulatory,
CD40,CD40LG,Co-stimulatory,
TNFSF15,TNFRSF25,Co-stimulatory,
TNFSF14,TNFRSF14,Co-stimulatory,
LTBR,LTA,Co-stimulatory,
LTBR,LTB,Co-stimulatory,
PVR,CD226,Co-stimulatory,
NECTIN1,CD226,Co-stimulatory,
NECTIN2,CD96,Co-stimulatory,
PVR,CD96,Co-stimulatory,
CD48,CD2,Co-stimulatory,
CD58,CD2,Co-stimulatory,
IL1B,IL1R2,cytokine,
IL1B,IL1R1,cytokine,
CCL18,CCR8,cytokine,
CCL22,CCR4,cytokine,
CCL17,CCR4,cytokine,
CD5,CD72,Co-stimulatory,
SLAMF6,SLAMF6,Cell-cell adhesion,
SLAMF7,SLAMF7,Cell-cell adhesion,
LY9,LY9,Cell-cell adhesion,
A2M,LRP1,Protease inhibition,
AANAT,MTNR1A,UNCAT,
AANAT,MTNR1B,UNCAT,
ACE,AGTR2,UNCAT,
ACE,BDKRB2,UNCAT,
ADAM10,AXL,ADAM,
ADAM10,EPHA3,ADAM,
ADAM12,ITGA9,ADAM,
ADAM12,ITGB1,ADAM,
ADAM12,SDC4,ADAM,
ADAM15,ITGA5,ADAM,
ADAM15,ITGA9,ADAM,
ADAM15,ITGAV,ADAM,
ADAM15,ITGB1,ADAM,
ADAM15,ITGB3,ADAM,
ADAM17,ERBB4,ADAM,
ADAM17,ITGA5,ADAM,
ADAM17,ITGB1,ADAM,
ADAM17,NOTCH1,NOTCH,
ADAM2,CD9,ADAM,
ADAM2,ITGA6,ADAM,
ADAM2,ITGA9,ADAM,
ADAM2,ITGB1,ADAM,
ADAM2,ITGB7,ADAM,
ADAM23,ITGA5,ADAM,
ADAM23,ITGB3,ADAM,
ADAM28,ITGA4,ADAM,
ADAM9,ITGA3,ADAM,
ADAM9,ITGA6,ADAM,
ADAM9,ITGAV,ADAM,
ADAM9,ITGB1,ADAM,
ADAM9,ITGB5,ADAM,
ADCYAP1,ADCYAP1R1,UNCAT,
ADCYAP1,SCTR,UNCAT,
ADCYAP1,VIPR1,UNCAT,
ADCYAP1,VIPR2,UNCAT,
ADIPOQ,ADIPOR1,Adiponectin,
ADIPOQ,ADIPOR2,Adiponectin,
ADM,CALCR,Vasoactive,
ADM,CALCRL,Vasoactive,
ADM,GPR182,Vasoactive,
ADM,MRGPRX2,Vasoactive,
ADM,RAMP2,Vasoactive,
ADM2,CALCR,Vasoactive,
ADM2,CALCRL,Vasoactive,
ADM2,RAMP1,Vasoactive,
AGRN,ATP1A3,Matrix glycoproteins,
AGRN,LRP4,Matrix glycoproteins,
AGRN,MUSK,Matrix glycoproteins,
AGRP,MC3R,UNCAT,
AGRP,MC4R,UNCAT,
AGRP,MC5R,UNCAT,
AGRP,SDC3,UNCAT,
AGT,AGTR1,Vasoactive,
AGT,AGTR2,Vasoactive,
AGT,LRP2,Vasoactive,
AGT,MAS1,Vasoactive,
AHSG,INSR,UNCAT,
ALB,LRP2,UNCAT,
ALOX5AP,ALOX5,UNCAT,
AMELX,LAMP1,UNCAT,
AMELY,LAMP1,UNCAT,
AMH,ACVR1,UNCAT,
AMH,AMHR2,UNCAT,
AMH,EGFR,EGF,
ANGPT1,ITGA5,ANGPT,
ANGPT1,ITGB1,ANGPT,
ANGPT1,TEK,ANGPT,
ANGPT1,TIE1,ANGPT,
ANGPT2,TEK,ANGPT,
ANGPT2,TIE1,ANGPT,
ANGPT4,TEK,ANGPT,
ANGPT4,TIE1,ANGPT,
ANGPTL1,TEK,ANGPT,
ANGPTL2,TIE1,ANGPT,
ANGPTL3,ITGA5,ANGPT,
ANGPTL3,ITGAV,ANGPT,
ANGPTL3,ITGB3,ANGPT,
ANGPTL4,TIE1,ANGPT,
ANXA1,DYSF,UNCAT,
ANXA1,EGFR,EGF,
ANXA1,FPR1,Chemotaxis,
ANXA1,FPR2,Chemotaxis,
ANXA1,FPR3,UNCAT,
APLN,APLNR,Vasoactive,
APOB,CALCR,UNCAT,
APOB,ITGAM,UNCAT,
APOB,ITGB2,UNCAT,
APOB,LDLR,UNCAT,
APOB,LRP2,UNCAT,
APOB,LRP6,UNCAT,
APOB,LRP8,UNCAT,
APOB,LSR,UNCAT,
APOB,OLR1,UNCAT,
APOC3,SDC2,Complement,
APOC3,TLR2,TLR,
APOD,LEPR,UNCAT,
APOE,CHRNA4,APOE,
APOE,LDLR,APOE,
APOE,LRP1,APOE,
APOE,LRP2,APOE,
APOE,LRP5,APOE,
APOE,LRP8,APOE,
APOE,SCARB1,APOE,
APOE,SORL1,APOE,
APOE,VLDLR,APOE,
APP,CAV1,UNCAT,
APP,CD74,UNCAT,
APP,FPR2,Chemotaxis,
APP,GPC1,UNCAT,
APP,LRP1,UNCAT,
APP,NCSTN,UNCAT,
APP,NGFR,UNCAT,
APP,SLC45A3,UNCAT,
APP,TNFRSF21,UNCAT,
AREG,EGFR,EGF,
AREG,ERBB3,EGF,
AREGB,EGFR,EGF,
AREGB,ERBB3,EGF,
ARF1,CHRM3,UNCAT,
ARF1,INSR,UNCAT,
ARF1,PLD2,UNCAT,
ARTN,GFRA1,Neurotrophins,
ARTN,GFRA3,Neurotrophins,
ARTN,RET,Neurotrophins,
ASIP,ATRN,Chemotaxis,
ASIP,F11R,UNCAT,
ASIP,MC1R,UNCAT,
ASIP,MC2R,UNCAT,
ASIP,MC3R,UNCAT,
ASIP,MC4R,UNCAT,
ASIP,MC5R,UNCAT,
ASIP,MGRN1,UNCAT,
AVP,AVPR1A,UNCAT,
AVP,AVPR1B,UNCAT,
AVP,AVPR2,UNCAT,
AVP,OXTR,UNCAT,
AZGP1,ITGAV,UNCAT,
B2M,CD1A,UNCAT,
B2M,CD1B,UNCAT,
B2M,CD247,UNCAT,
B2M,CD3D,UNCAT,
B2M,CD3G,UNCAT,
B2M,HFE,UNCAT,
B2M,KIR2DL1,UNCAT,
B2M,KIR2DL3,UNCAT,
B2M,KIR3DL1,UNCAT,
B2M,KLRC1,UNCAT,
B2M,KLRD1,UNCAT,
B2M,LILRB1,UNCAT,
B2M,LILRB2,UNCAT,
B2M,TFRC,Transferrin,
B2M,HLA-F,UNCAT,
BCAN,EGFR,EGF,
BCAN,NRCAM,UNCAT,
BDNF,DDR1,Neurotrophins,
BDNF,DRD4,Neurotrophins,
BDNF,NGFR,Neurotrophins,
BDNF,NGFRAP1,Neurotrophins,
BDNF,NTRK2,Neurotrophins,
BDNF,SORT1,Neurotrophins,
BGN,LY96,UNCAT,
BGN,TLR1,TLR,
BGN,TLR2,TLR,
BGN,TLR4,TLR,
BMP10,ACVR1,BMP,
BMP10,ACVR2A,BMP,
BMP10,ACVR2B,BMP,
BMP10,ACVRL1,BMP,
BMP10,BMPR1A,BMP,
BMP10,BMPR1B,BMP,
BMP10,BMPR2,BMP,
BMP10,ENG,BMP,
BMP15,ACVR1,BMP,
BMP15,ACVR2A,BMP,
BMP15,ACVR2B,BMP,
BMP15,BMPR1A,BMP,
BMP15,BMPR1B,BMP,
BMP15,BMPR2,BMP,
BMP2,ACVR1,BMP,
BMP2,ACVR2A,BMP,
BMP2,ACVR2B,BMP,
BMP2,BMPR1A,BMP,
BMP2,BMPR1B,BMP,
BMP2,BMPR2,BMP,
BMP2,ENG,BMP,
BMP2,HFE2,BMP,
BMP3,ACVR1,BMP,
BMP3,ACVR2A,BMP,
BMP3,ACVR2B,BMP,
BMP3,BMPR1A,BMP,
BMP3,BMPR1B,BMP,
BMP3,BMPR2,BMP,
BMP4,ACVR1,BMP,
BMP4,ACVR2A,BMP,
BMP4,ACVR2B,BMP,
BMP4,BMPR1A,BMP,
BMP4,BMPR1B,BMP,
BMP4,BMPR2,BMP,
BMP4,HFE2,BMP,
BMP5,ACVR1,BMP,
BMP5,ACVR2A,BMP,
BMP5,ACVR2B,BMP,
BMP5,BMPR1A,BMP,
BMP5,BMPR1B,BMP,
BMP5,BMPR2,BMP,
BMP5,HFE2,BMP,
BMP6,ACVR1,BMP,
BMP6,ACVR2A,BMP,
BMP6,ACVR2B,BMP,
BMP6,BMPR1A,BMP,
BMP6,BMPR1B,BMP,
BMP6,BMPR2,BMP,
BMP7,ACVR1,BMP,
BMP7,ACVR2A,BMP,
BMP7,ACVR2B,BMP,
BMP7,BMPR1A,BMP,
BMP7,BMPR1B,BMP,
BMP7,BMPR2,BMP,
BMP7,ENG,BMP,
BMP8B,ACVR1,BMP,
BMP8B,ACVR2A,BMP,
BMP8B,ACVR2B,BMP,
BMP8B,BMPR1A,BMP,
BMP8B,BMPR1B,BMP,
BMP8B,BMPR2,BMP,
BST1,CAV1,UNCAT,
BTC,EGFR,EGF,
BTC,ERBB2,UNCAT,
BTC,ERBB3,UNCAT,
BTC,ERBB4,UNCAT,
BTLA,CD247,TNF,
BTLA,CD79A,TNF,
BTLA,TNFRSF14,TNF,
BTLA,VTCN1,TNF,
C1orf112,PLSCR4,UNCAT,
C1orf194,PLSCR4,UNCAT,
C1orf200,LY6G6C,UNCAT,
C1orf200,SLC16A4,UNCAT,
C1QA,CD93,Vasoactive,
C1QA,CR1,Vasoactive,
C1QA,CSPG4,Vasoactive,
C1QB,LRP1,Vasoactive,
C1QTNF1,AVPR2,TNF,
C1QTNF5,MFRP,TNF,
C3,C3AR1,Complement,
C3,C5AR2,Complement,
C3,CD19,Complement,
C3,CD46,Complement,
C3,CD81,Complement,
C3,CR1,Complement,
C3,IFITM1,Complement,
C3,ITGAM,Complement,
C3,ITGAX,Complement,
C3,ITGB2,Complement,
C3,LRP1,Complement,
C4A,C3AR1,UNCAT,
C4A,C5AR2,UNCAT,
C4A,CR1,UNCAT,
C4B,CD46,UNCAT,
C4B,CR1,UNCAT,
C4BPA,BMPR2,BMP,
C4BPA,CD40,UNCAT,
C4BPA,LRP1,UNCAT,
C5,C5AR1,Complement,
C5,C5AR2,Complement,
C5orf55,TRAF2,TNF,
C6orf15,DDR1,UNCAT,
CALCA,CALCR,UNCAT,
CALCA,CALCRL,UNCAT,
CALCA,RAMP1,UNCAT,
CALCA,RAMP2,UNCAT,
CALCB,CALCR,UNCAT,
CALCB,CALCRL,UNCAT,
CALCB,RAMP1,UNCAT,
CALM1,ABCA1,UNCAT,
CALM1,ADCY8,UNCAT,
CALM1,ADCYAP1R1,UNCAT,
CALM1,AQP6,UNCAT,
CALM1,CACNA1C,UNCAT,
CALM1,CALCR,UNCAT,
CALM1,CNGA2,UNCAT,
CALM1,CRHR1,UNCAT,
CALM1,EGFR,EGF,
CALM1,FAS,UNCAT,
CALM1,GLP1R,UNCAT,
CALM1,GLP2R,UNCAT,
CALM1,GP6,UNCAT,
CALM1,GRM3,UNCAT,
CALM1,GRM4,UNCAT,
CALM1,GRM5,UNCAT,
CALM1,GRM7,UNCAT,
CALM1,HMMR,UNCAT,
CALM1,HTR2C,UNCAT,
CALM1,INSR,UNCAT,
CALM1,KCNN4,UNCAT,
CALM1,KCNQ1,UNCAT,
CALM1,KCNQ3,UNCAT,
CALM1,KCNQ5,UNCAT,
CALM1,MIP,UNCAT,
CALM1,MYLK,UNCAT,
CALM1,MYLK2,UNCAT,
CALM1,OPRM1,UNCAT,
CALM1,PDE1A,UNCAT,
CALM1,PDE1B,UNCAT,
CALM1,PDE1C,UNCAT,
CALM1,PPAPDC2,UNCAT,
CALM1,PTH2R,UNCAT,
CALM1,PTPRA,UNCAT,
CALM1,SCN10A,UNCAT,
CALM1,SCN4A,UNCAT,
CALM1,SCTR,UNCAT,
CALM1,SELL,Cell-cell adhesion,
CALM1,TRPC3,UNCAT,
CALM1,TRPC5,UNCAT,
CALM1,VIPR1,UNCAT,
CALM2,ABCA1,UNCAT,
CALM2,ADCY8,UNCAT,
CALM2,AQP6,UNCAT,
CALM2,CACNA1C,UNCAT,
CALM2,EGFR,EGF,
CALM2,GP6,UNCAT,
CALM2,GRM5,UNCAT,
CALM2,GRM7,UNCAT,
CALM2,INSR,UNCAT,
CALM2,KCNQ1,UNCAT,
CALM2,KCNQ3,UNCAT,
CALM2,KCNQ5,UNCAT,
CALM2,MYLK,UNCAT,
CALM2,MYLK2,UNCAT,
CALM2,PDE1A,UNCAT,
CALM2,PDE1B,UNCAT,
CALM2,PDE1C,UNCAT,
CALM2,PPAPDC2,UNCAT,
CALM2,SCN10A,UNCAT,
CALM2,SCN4A,UNCAT,
CALM2,SELL,Cell-cell adhesion,
CALM2,TRPC5,UNCAT,
CALM3,ABCA1,UNCAT,
CALM3,ADCY8,UNCAT,
CALM3,AQP6,UNCAT,
CALM3,EGFR,EGF,
CALM3,GP6,UNCAT,
CALM3,GRM5,UNCAT,
CALM3,GRM7,UNCAT,
CALM3,INSR,UNCAT,
CALM3,KCNQ1,UNCAT,
CALM3,KCNQ3,UNCAT,
CALM3,KCNQ5,UNCAT,
CALM3,MYLK,UNCAT,
CALM3,MYLK2,UNCAT,
CALM3,PDE1A,UNCAT,
CALM3,PDE1B,UNCAT,
CALM3,PDE1C,UNCAT,
CALM3,PPAPDC2,UNCAT,
CALM3,SCN10A,UNCAT,
CALM3,SCN4A,UNCAT,
CALM3,SELL,Cell-cell adhesion,
CALM3,TRPC5,UNCAT,
CALR,HLA-F,Intracellular trafficking,
CALR,ITGA2B,Intracellular trafficking,
CALR,ITGA3,Intracellular trafficking,
CALR,ITGAV,Intracellular trafficking,
CALR,LRP1,Intracellular trafficking,
CALR,MTNR1A,Intracellular trafficking,
CALR,SCARF1,Intracellular trafficking,
CALR,TSHR,Intracellular trafficking,
CAMP,EGFR,EGF,
CAMP,FPR2,Chemotaxis,
CAMP,IGF1R,UNCAT,
CAMP,P2RX7,UNCAT,
CCK,CCKAR,UNCAT,
CCK,CCKBR,UNCAT,
CCL1,CCR8,CC,
CCL11,ACKR2,CC,
CCL11,ACKR4,CC,
CCL11,CCR2,CC,
CCL11,CCR3,CC,
CCL11,CCR5,CC,
CCL11,CXCR3,CC,
CCL13,ACKR2,CC,
CCL13,ACKR4,CC,
CCL13,CCR1,CC,
CCL13,CCR2,CC,
CCL13,CCR3,CC,
CCL13,CCR5,CC,
CCL13,CCR9,CC,
CCL13,CXCR3,CC,
CCL14,ACKR2,CC,
CCL14,CCR1,CC,
CCL14,CCR3,CC,
CCL14,CCR5,CC,
CCL15,CCR1,CC,
CCL15,CCR3,CC,
CCL16,CCR1,CC,
CCL16,CCR2,CC,
CCL16,CCR5,CC,
CCL16,CCR8,CC,
CCL16,HRH4,CC,
CCL17,CCR4,CC,
CCL17,CCR8,CC,
CCL17,DARC,CC,
CCL18,C14orf1,CC,
CCL19,ACKR2,CC,
CCL19,ACKR4,CC,
CCL19,CCR10,CC,
CCL19,CCR7,CC,
CCL19,CCRL2,CC,
CCL19,CXCR3,CC,
CCL2,ACKR2,CC,
CCL2,ACKR4,CC,
CCL2,CCR1,CC,
CCL2,CCR10,CC,
CCL2,CCR2,CC,
CCL2,CCR3,CC,
CCL2,CCR4,CC,
CCL2,CCR5,CC,
CCL2,DARC,CC,
CCL20,CCR6,CC,
CCL20,CXCR3,CC,
CCL21,ACKR2,CC,
CCL21,ACKR4,CC,
CCL21,CCR7,CC,
CCL21,CXCR3,CC,
CCL22,CCR4,CC,
CCL23,CCR1,CC,
CCL24,CCR2,CC,
CCL24,CCR3,CC,
CCL25,ACKR2,CC,
CCL25,ACKR4,CC,
CCL25,CCR10,CC,
CCL25,CCR9,CC,
CCL26,CCR1,CC,
CCL26,CCR2,CC,
CCL26,CCR3,CC,
CCL27,ACKR2,CC,
CCL27,CCR10,CC,
CCL28,ACKR2,CC,
CCL28,CCR10,CC,
CCL28,CCR3,CC,
CCL3,ACKR2,CC,
CCL3,CCR1,CC,
CCL3,CCR3,CC,
CCL3,CCR4,CC,
CCL3,CCR5,CC,
CCL3L1,CCR1,CC,
CCL3L1,CCR3,CC,
CCL3L1,CCR5,CC,
CCL3L3,ACKR2,CC,
CCL3L3,CCR5,CC,
CCL4,ACKR2,CC,
CCL4,CCR1,CC,
CCL4,CCR3,CC,
CCL4,CCR5,CC,
CCL4,CCR8,CC,
CCL5,ACKR2,CC,
CCL5,ACKR4,CC,
CCL5,CCR1,CC,
CCL5,CCR3,CC,
CCL5,CCR4,CC,
CCL5,CCR5,CC,
CCL5,CXCR3,CC,
CCL5,DARC,CC,
CCL5,GPR75,CC,
CCL5,SDC1,CC,
CCL5,SDC4,CC,
CCL7,ACKR2,CC,
CCL7,ACKR4,CC,
CCL7,CCR1,CC,
CCL7,CCR10,CC,
CCL7,CCR2,CC,
CCL7,CCR3,CC,
CCL7,CCR5,CC,
CCL7,CXCR3,CC,
CCL7,DARC,CC,
CCL8,ACKR2,CC,
CCL8,ACKR4,CC,
CCL8,CCR1,CC,
CCL8,CCR2,CC,
CCL8,CCR3,CC,
CCL8,CCR5,CC,
CCL8,DARC,CC,
CD14,ITGA4,UNCAT,
CD14,ITGB1,UNCAT,
CD24,SELP,Cell-cell adhesion,
CD34,SELL,Cell-cell adhesion,
CD34,SELP,Cell-cell adhesion,
CD40LG,ITGAM,UNCAT,
CD40LG,ITGB2,UNCAT,
CD40LG,TRAF3,UNCAT,
CD40LG,CD40,UNCAT,
CD55,CD97,UNCAT,
CD55,CR1,UNCAT,
CD55,EMR2,UNCAT,
CD5L,CD5,UNCAT,
CD70,CD27,UNCAT,
CDH1,CDH2,Cell-cell adhesion,
CDH1,EGFR,EGF,
CDH1,ERBB3,Cell-cell adhesion,
CDH1,IGF1R,Cell-cell adhesion,
CDH1,ITGAE,Cell-cell adhesion,
CDH1,ITGB7,Cell-cell adhesion,
CDH1,KLRG1,Cell-cell adhesion,
CDH1,LRP5,Cell-cell adhesion,
CDH1,PTPRF,Cell-cell adhesion,
CDH1,PTPRM,Cell-cell adhesion,
CEL,CXCR4,UNCAT,
CELA3B,CHRM3,UNCAT,
CFH,ITGAM,Complement,
CFH,SELL,Complement,
CGA,FSHR,UNCAT,
CGA,LHCGR,UNCAT,
CGA,SIRPA,UNCAT,
CGA,TSHR,UNCAT,
CGB,LHCGR,UNCAT,
CGB8,SIRPA,UNCAT,
CGN,F11R,UNCAT,
CGN,OCLN,UNCAT,
CGN,TGFBR1,UNCAT,
CGN,TGFBR2,UNCAT,
CHAD,ITGA2,Matrix (assorted),
CHAD,ITGB1,Matrix (assorted),
CLCF1,CNTFR,UNCAT,
CLCF1,CRLF1,UNCAT,
CLCF1,IL6ST,UNCAT,
CLCF1,LIFR,UNCAT,
CLEC11A,KIT,KIT,
CLEC3A,CLEC10A,Complement,
CLEC3A,CLEC2B,Complement,
CNTF,CNTFR,UNCAT,
CNTF,IL6R,UNCAT,
CNTF,IL6ST,UNCAT,
CNTF,LIFR,UNCAT,
CNTN2,CNTN1,Laminins,
CNTN2,CNTNAP2,Laminins,
CNTN2,NRCAM,Laminins,
CNTN2,NRP1,Laminins,
CNTN4,PTPRG,Laminins,
COL11A1,DDR1,Collagens,
COL11A1,ITGA2,Collagens,
COL11A1,ITGB1,Collagens,
COL14A1,CD44,Collagens,
COL18A1,GPC1,Collagens,
COL18A1,GPC4,Collagens,
COL18A1,ITGA5,Collagens,
COL18A1,ITGB1,Collagens,
COL18A1,KDR,Collagens,
COL1A1,CD36,Collagens,
COL1A1,CD44,Collagens,
COL1A1,CD93,Collagens,
COL1A1,DDR1,Collagens,
COL1A1,DDR2,Collagens,
COL1A1,FLT4,Collagens,
COL1A1,ITGA1,Collagens,
COL1A1,ITGA11,Collagens,
COL1A1,ITGA2,Collagens,
COL1A1,ITGA5,Collagens,
COL1A1,ITGAV,Collagens,
COL1A1,ITGB1,Collagens,
COL1A1,TMPRSS6,Collagens,
COL1A2,CD36,Collagens,
COL1A2,CD44,Collagens,
COL1A2,CD93,Collagens,
COL1A2,FLT4,Collagens,
COL1A2,ITGA1,Collagens,
COL1A2,ITGA11,Collagens,
COL1A2,ITGA2,Collagens,
COL1A2,ITGA2B,Collagens,
COL1A2,ITGAV,Collagens,
COL1A2,ITGB1,Collagens,
COL1A2,ITGB3,Collagens,
COL2A1,DDR1,Collagens,
COL2A1,ITGA1,Collagens,
COL2A1,ITGA10,Collagens,
COL2A1,ITGA2,Collagens,
COL2A1,ITGA2B,Collagens,
COL2A1,ITGB1,Collagens,
COL2A1,MAG,Collagens,
COL2A1,OR1E1,Collagens,
COL2A1,TNFRSF10A,Collagens,
COL3A1,DDR1,Collagens,
COL3A1,DDR2,Collagens,
COL3A1,ITGA2,Collagens,
COL3A1,ITGB1,Collagens,
COL3A1,MAG,Collagens,
COL4A1,CD47,Collagens,
COL4A1,CD93,Collagens,
COL4A1,ITGA1,Collagens,
COL4A1,ITGA2,Collagens,
COL4A1,ITGAV,Collagens,
COL4A1,ITGB1,Collagens,
COL4A1,ITGB8,Collagens,
COL4A2,CD93,Collagens,
COL4A3,CD47,Collagens,
COL4A3,CD93,Collagens,
COL4A3,ITGA1,Collagens,
COL4A3,ITGA2,Collagens,
COL4A3,ITGAV,Collagens,
COL4A3,ITGB1,Collagens,
COL4A4,CD47,Collagens,
COL4A4,CD93,Collagens,
COL4A4,ITGA1,Collagens,
COL4A4,ITGA2,Collagens,
COL4A4,ITGAV,Collagens,
COL4A4,ITGB1,Collagens,
COL4A5,CD47,Collagens,
COL4A5,CD93,Collagens,
COL4A5,ITGA1,Collagens,
COL4A5,ITGA2,Collagens,
COL4A5,ITGAV,Collagens,
COL4A5,ITGB1,Collagens,
COL4A6,CD47,Collagens,
COL4A6,CD93,Collagens,
COL4A6,ITGA1,Collagens,
COL4A6,ITGA2,Collagens,
COL4A6,ITGAV,Collagens,
COL4A6,ITGB1,Collagens,
COL5A1,ITGA1,Collagens,
COL5A1,ITGB1,Collagens,
COL5A1,SDC3,Collagens,
COL5A2,DDR1,Collagens,
COL5A2,ITGA1,Collagens,
COL5A2,ITGB1,Collagens,
COL5A3,SDC3,Collagens,
COL6A1,ITGA1,Collagens,
COL6A1,ITGA2,Collagens,
COL6A1,ITGA6,Collagens,
COL6A1,ITGB1,Collagens,
COL6A2,ITGA1,Collagens,
COL6A2,ITGA2,Collagens,
COL6A2,ITGB1,Collagens,
COL6A3,ITGA1,Collagens,
COL6A3,ITGA2,Collagens,
COL6A3,ITGB1,Collagens,
COL7A1,ITGA2,Collagens,
COL7A1,ITGB1,Collagens,
COL8A1,ITGA1,Collagens,
COL8A1,ITGA2,Collagens,
COL9A1,MAG,Collagens,
COL9A2,MAG,Collagens,
COL9A3,MAG,Collagens,
COLQ,MUSK,Collagens,
CORT,GHSR,UNCAT,
CORT,MRGPRX2,UNCAT,
CORT,SSTR1,UNCAT,
CORT,SSTR2,UNCAT,
CORT,SSTR3,UNCAT,
CORT,SSTR4,UNCAT,
CORT,SSTR5,UNCAT,
CP,SLC40A1,UNCAT,
CPAMD8,SCTR,UNCAT,
CRH,CRHR1,UNCAT,
CRH,CRHR2,UNCAT,
CRH,MC2R,UNCAT,
CRP,OLR1,UNCAT,
CSF1,CSF1R,CSF,
CSF2,ITGA9,CSF,
CSF2,ITGB1,CSF,
CSF2,CSF1R,CSF,
CSF2,CSF2RA,CSF,
CSF2,CSF2RB,CSF,
CSF2,CSF3R,CSF,
CSF2,IL3RA,CSF,
CSF2,SDC2,CSF,
CSF3,CSF1R,CSF,
CSF3,CSF3R,CSF,
CSH1,PRLR,UNCAT,
CSH2,PRLR,UNCAT,
CSHL1,GHR,UNCAT,
CSHL1,PRLR,UNCAT,
CTF1,IL6ST,Interleukins,
CTF1,LIFR,Interleukins,
CTGF,ERBB4,Matrix (assorted),
CTGF,ITGA5,Matrix (assorted),
CTGF,ITGAM,Matrix (assorted),
CTGF,ITGB2,Matrix (assorted),
CTGF,LRP1,Matrix (assorted),
CTGF,LRP6,Matrix (assorted),
CTGF,NTRK1,Matrix (assorted),
CTHRC1,FZD3,UNCAT,
CTHRC1,FZD5,UNCAT,
CTHRC1,FZD6,UNCAT,
CUBN,LRP2,UNCAT,
CX3CL1,CX3CR1,UNCAT,
CXCL1,CXCR1,CXCL,
CXCL1,CXCR2,CXCL,
CXCL1,DARC,CXCL,
CXCL10,CCR3,CC,
CXCL10,CXCR3,CXCL,
CXCL10,SDC4,CXCL,
CXCL11,ACKR3,CXCL,
CXCL11,CCR3,CC,
CXCL11,CXCR3,CXCL,
CXCL12,CCR4,CC,
CXCL12,CD4,CXCL,
CXCL12,CXCR3,CXCL,
CXCL12,SDC4,CXCL,
CXCL12,ACKR3,CXCL,
CXCL12,CXCR4,CXCL,
CXCL12,ITGB1,CXCL,
CXCL13,HTR2A,CXCL,
CXCL13,OPRD1,CXCL,
CXCL13,ACKR4,CXCL,
CXCL13,CCR10,CC,
CXCL13,CXCR3,CXCL,
CXCL13,CXCR5,CXCL,
CXCL16,CXCR6,CXCL,
CXCL2,CXCR1,CXCL,
CXCL2,CXCR2,CXCL,
CXCL2,XCR1,CXCL,
CXCL3,CXCR1,CXCL,
CXCL3,CXCR2,CXCL,
CXCL5,CXCR1,CXCL,
CXCL5,CXCR2,CXCL,
CXCL5,DARC,CXCL,
CXCL6,CXCR1,CXCL,
CXCL6,CXCR2,CXCL,
CXCL9,CCR3,CC,
CXCL9,CXCR3,CXCL,
CYR61,ITGB2,Matrix (assorted),
CYR61,ITGB3,Matrix (assorted),
CYR61,ITGB5,Matrix (assorted),
CYR61,CAV1,Matrix (assorted),
CYR61,ITGA5,Matrix (assorted),
CYR61,ITGAM,Matrix (assorted),
CYR61,ITGAV,Matrix (assorted),
DCN,MET,MET,
DCN,EGFR,EGF,
DCN,ERBB4,UNCAT,
DEFB1,CCR6,CC,
DEFB103A,CCR6,CC,
DEFB103B,CCR2,CC,
DEFB103B,CCR6,CC,
DEFB4A,TLR4,TLR,
DEFB4A,CCR6,CC,
DEFB4B,CCR6,CC,
DHH,BOC,Hedgehog,
DHH,CDON,Hedgehog,
DHH,HHIP,Hedgehog,
DHH,PTCH1,Hedgehog,
DHH,PTCH2,Hedgehog,
DKK1,KREMEN1,WNT,
DKK1,KREMEN2,WNT,
DKK1,LRP5,WNT,
DKK1,LRP6,WNT,
DKK2,KREMEN2,WNT,
DKK2,LRP6,WNT,
DLK1,NOTCH1,NOTCH,
DLK1,NOTCH2,NOTCH,
DLK1,NOTCH3,NOTCH,
DLK1,NOTCH4,NOTCH,
DLK2,NOTCH1,NOTCH,
DLL1,NOTCH1,NOTCH,
DLL1,NOTCH2,NOTCH,
DLL1,NOTCH3,NOTCH,
DLL1,NOTCH4,NOTCH,
DLL3,NOTCH1,NOTCH,
DLL3,NOTCH2,NOTCH,
DLL3,NOTCH3,NOTCH,
DLL3,NOTCH4,NOTCH,
DLL4,NOTCH1,NOTCH,
DLL4,NOTCH2,NOTCH,
DLL4,NOTCH3,NOTCH,
DLL4,NOTCH4,NOTCH,
DSCAM,DCC,UNCAT,
DUSP18,CD151,UNCAT,
DUSP18,ITGA1,UNCAT,
DUSP18,ITGA2,UNCAT,
DUSP18,ITGA3,UNCAT,
DUSP18,ITGA6,UNCAT,
DUSP18,ITGA7,UNCAT,
DUSP18,ITGB1,UNCAT,
DUSP18,ITGB4,UNCAT,
DUSP18,RPSA,UNCAT,
EBI3,IL27RA,UNCAT,
EBI3,IL6ST,UNCAT,
ECM1,CACHD1,UNCAT,
EDA,EDA2R,TNF,
EDA,EDAR,TNF,
EDIL3,ITGAV,Interleukins,
EDIL3,ITGB5,Interleukins,
EDN1,EDNRA,Vasoactive,
EDN1,EDNRB,Vasoactive,
EDN1,ELTD1,Vasoactive,
EDN1,KEL,Vasoactive,
EDN2,EDNRA,UNCAT,
EDN2,EDNRB,UNCAT,
EDN2,KEL,UNCAT,
EDN3,EDNRA,UNCAT,
EDN3,EDNRB,UNCAT,
EDN3,KEL,UNCAT,
EFEMP1,EGFR,EGF,
EFEMP2,AQP1,UNCAT,
EFEMP2,CATSPER1,UNCAT,
EFEMP2,LINGO1,UNCAT,
EFEMP2,PLSCR4,UNCAT,
EFNA1,EPHA1,Ephrins,
EFNA1,EPHA2,Ephrins,
EFNA1,EPHA3,Ephrins,
EFNA1,EPHA4,Ephrins,
EFNA1,EPHA5,Ephrins,
EFNA1,EPHA6,Ephrins,
EFNA1,EPHA7,Ephrins,
EFNA1,EPHA8,Ephrins,
EFNA1,EPHB1,Ephrins,
EFNA1,EPHB6,Ephrins,
EFNA2,EPHA1,Ephrins,
EFNA2,EPHA2,Ephrins,
EFNA2,EPHA3,Ephrins,
EFNA2,EPHA4,Ephrins,
EFNA2,EPHA5,Ephrins,
EFNA2,EPHA6,Ephrins,
EFNA2,EPHA7,Ephrins,
EFNA2,EPHA8,Ephrins,
EFNA3,EPHA1,Ephrins,
EFNA3,EPHA2,Ephrins,
EFNA3,EPHA3,Ephrins,
EFNA3,EPHA4,Ephrins,
EFNA3,EPHA5,Ephrins,
EFNA3,EPHA6,Ephrins,
EFNA3,EPHA7,Ephrins,
EFNA3,EPHA8,Ephrins,
EFNA3,EPHB1,Ephrins,
EFNA3,EPHB6,Ephrins,
EFNA4,EPHA1,Ephrins,
EFNA4,EPHA2,Ephrins,
EFNA4,EPHA3,Ephrins,
EFNA4,EPHA4,Ephrins,
EFNA4,EPHA5,Ephrins,
EFNA4,EPHA6,Ephrins,
EFNA4,EPHA7,Ephrins,
EFNA4,EPHA8,Ephrins,
EFNA5,EPHA1,Ephrins,
EFNA5,EPHA2,Ephrins,
EFNA5,EPHA3,Ephrins,
EFNA5,EPHA4,Ephrins,
EFNA5,EPHA5,Ephrins,
EFNA5,EPHA6,Ephrins,
EFNA5,EPHA7,Ephrins,
EFNA5,EPHA8,Ephrins,
EFNA5,EPHB1,Ephrins,
EFNA5,EPHB2,Ephrins,
EFNA5,EPHB6,Ephrins,
EFNB1,EPHA4,Ephrins,
EFNB1,EPHA6,Ephrins,
EFNB1,EPHB1,Ephrins,
EFNB1,EPHB2,Ephrins,
EFNB1,EPHB3,Ephrins,
EFNB1,EPHB4,Ephrins,
EFNB1,EPHB6,Ephrins,
EFNB1,ERBB2,Ephrins,
EFNB2,EPHA3,Ephrins,
EFNB2,EPHA4,Ephrins,
EFNB2,EPHA6,Ephrins,
EFNB2,EPHB1,Ephrins,
EFNB2,EPHB2,Ephrins,
EFNB2,EPHB3,Ephrins,
EFNB2,EPHB4,Ephrins,
EFNB2,EPHB6,Ephrins,
EFNB2,GRM1,Ephrins,
EFNB2,GRM5,Ephrins,
EFNB2,PECAM1,Ephrins,
EFNB2,RHBDL2,Ephrins,
EFNB3,EPHA4,Ephrins,
EFNB3,EPHB1,Ephrins,
EFNB3,EPHB2,Ephrins,
EFNB3,EPHB3,Ephrins,
EFNB3,EPHB4,Ephrins,
EFNB3,EPHB6,Ephrins,
EFNB3,RHBDL2,Ephrins,
EGF,CAV1,EGF,
EGF,EGFR,EGF,
EGF,ERBB2,EGF,
EGF,ERBB3,EGF,
EGF,ERBB4,EGF,
EGF,FSHR,EGF,
EGFL8,NCR3,UNCAT,
EPGN,EGFR,EGF,
EPO,EPOR,UNCAT,
EREG,EGFR,EGF,
EREG,ERBB2,EGF,
EREG,ERBB3,EGF,
EREG,ERBB4,EGF,
F10,F3,UNCAT,
F10,ITGAM,UNCAT,
F10,ITGB2,UNCAT,
F11,GP1BA,UNCAT,
F12,CD93,UNCAT,
F12,GP1BA,UNCAT,
F13A1,ITGA4,UNCAT,
F13A1,ITGA9,UNCAT,
F13A1,ITGB1,UNCAT,
F2,F2R,Vasoactive,
F2,F2RL1,Vasoactive,
F2,F2RL2,Vasoactive,
F2,F2RL3,Vasoactive,
F2,GP1BA,Vasoactive,
F2,GP1BB,Vasoactive,
F2,GP9,Vasoactive,
F2,ITGA2B,Vasoactive,
F2,THBD,Vasoactive,
F7,F3,Vasoactive,
F8,ASGR2,Vasoactive,
F8,LDLR,Vasoactive,
F8,LRP1,Vasoactive,
F9,LRP1,UNCAT,
FARP2,PLXNA1,UNCAT,
FARP2,PLXNA2,UNCAT,
FARP2,PLXNA3,UNCAT,
FARP2,PLXNA4,UNCAT,
FASLG,FAS,TNF,
FASLG,TNFRSF1A,TNF,
FASLG,TNFRSF6B,TNF,
FAT4,DCHS1,UNCAT,
FBLN1,ITGB1,UNCAT,
FBLN2,ITGB3,UNCAT,
FBN1,ITGA5,UNCAT,
FBN1,ITGAV,UNCAT,
FBN1,ITGB1,UNCAT,
FBN1,ITGB3,UNCAT,
FBN1,ITGB6,UNCAT,
FCN2,LRP1,UNCAT,
FGA,CDH5,Cell-cell adhesion,
FGA,ITGA2B,UNCAT,
FGA,ITGA5,UNCAT,
FGA,ITGAD,UNCAT,
FGA,ITGAM,UNCAT,
FGA,ITGAV,UNCAT,
FGA,ITGAX,UNCAT,
FGA,ITGB1,UNCAT,
FGA,ITGB2,UNCAT,
FGA,ITGB3,UNCAT,
FGA,PLAUR,UNCAT,
FGB,ITGA2B,UNCAT,
FGB,ITGA5,UNCAT,
FGB,ITGAM,UNCAT,
FGB,ITGAV,UNCAT,
FGB,ITGB1,UNCAT,
FGB,ITGB2,UNCAT,
FGF1,CD44,FGF,
FGF1,EGFR,EGF,
FGF1,FGFR1,FGF,
FGF1,FGFR2,FGF,
FGF1,FGFR3,FGF,
FGF1,FGFR4,FGF,
FGF1,FGFRL1,FGF,
FGF1,NRP1,FGF,
FGF10,FGFR1,FGF,
FGF10,FGFR2,FGF,
FGF10,FGFR3,FGF,
FGF10,FGFR4,FGF,
FGF11,FGFR1,FGF,
FGF11,FGFR2,FGF,
FGF11,FGFR3,FGF,
FGF11,FGFR4,FGF,
FGF12,FGFR1,FGF,
FGF12,FGFR2,FGF,
FGF12,FGFR3,FGF,
FGF12,FGFR4,FGF,
FGF13,EGFR,EGF,
FGF13,FGFR1,FGF,
FGF13,FGFR2,FGF,
FGF13,FGFR3,FGF,
FGF13,FGFR4,FGF,
FGF13,SCN5A,FGF,
FGF13,SCN8A,FGF,
FGF14,FGFR1,FGF,
FGF14,FGFR2,FGF,
FGF14,FGFR3,FGF,
FGF14,FGFR4,FGF,
FGF16,FGFR1,FGF,
FGF16,FGFR2,FGF,
FGF16,FGFR3,FGF,
FGF16,FGFR4,FGF,
FGF17,FGFR1,FGF,
FGF17,FGFR2,FGF,
FGF17,FGFR3,FGF,
FGF17,FGFR4,FGF,
FGF18,FGFR1,FGF,
FGF18,FGFR2,FGF,
FGF18,FGFR3,FGF,
FGF18,FGFR4,FGF,
FGF19,FGFR1,FGF,
FGF19,FGFR2,FGF,
FGF19,FGFR3,FGF,
FGF19,FGFR4,FGF,
FGF19,KLB,FGF,
FGF2,CD44,FGF,
FGF2,FGFR1,FGF,
FGF2,FGFR2,FGF,
FGF2,FGFR3,FGF,
FGF2,FGFR4,FGF,
FGF2,FGFRL1,FGF,
FGF2,GPC4,FGF,
FGF2,NRP1,FGF,
FGF2,SDC1,FGF,
FGF2,SDC2,FGF,
FGF2,SDC3,FGF,
FGF2,SDC4,FGF,
FGF20,FGFR4,FGF,
FGF21,FGFR2,FGF,
FGF21,FGFR4,FGF,
FGF22,FGFR2,FGF,
FGF23,FGFR1,FGF,
FGF23,FGFR2,FGF,
FGF23,FGFR3,FGF,
FGF23,FGFR4,FGF,
FGF23,PHEX,FGF,
FGF3,FGFR1,FGF,
FGF3,FGFR2,FGF,
FGF3,FGFR3,FGF,
FGF3,FGFR4,FGF,
FGF4,FGFR1,FGF,
FGF4,FGFR2,FGF,
FGF4,FGFR3,FGF,
FGF4,FGFR4,FGF,
FGF4,NRP1,FGF,
FGF5,FGFR1,FGF,
FGF5,FGFR2,FGF,
FGF5,FGFR3,FGF,
FGF5,FGFR4,FGF,
FGF6,FGFR1,FGF,
FGF6,FGFR2,FGF,
FGF6,FGFR3,FGF,
FGF6,FGFR4,FGF,
FGF6,SDC4,FGF,
FGF7,FGFR1,FGF,
FGF7,FGFR2,FGF,
FGF7,FGFR3,FGF,
FGF7,FGFR4,FGF,
FGF7,NRP1,FGF,
FGF8,FGFR1,FGF,
FGF8,FGFR2,FGF,
FGF8,FGFR3,FGF,
FGF8,FGFR4,FGF,
FGF9,FGFR1,FGF,
FGF9,FGFR2,FGF,
FGF9,FGFR3,FGF,
FGF9,FGFR4,FGF,
FGG,ITGA2B,UNCAT,
FGG,ITGA5,UNCAT,
FGG,ITGAV,UNCAT,
FGG,ITGB1,UNCAT,
FGG,ITGB2,UNCAT,
FGL1,EGFR,EGF,
FIGF,FLT1,IGF,
FIGF,FLT4,IGF,
FIGF,ITGA1,IGF,
FIGF,ITGA2,IGF,
FIGF,ITGA4,IGF,
FIGF,ITGA5,IGF,
FIGF,ITGA9,IGF,
FIGF,ITGB1,IGF,
FIGF,KDR,IGF,
FIGF,NRP2,IGF,
FLT3LG,FLT3,UNCAT,
FN1,C5AR1,Complement,
FN1,CD44,Fibronectin,
FN1,CD79A,Fibronectin,
FN1,COL13A1,Fibronectin,
FN1,FLT4,Fibronectin,
FN1,IL17RC,Fibronectin,
FN1,ITGA2,Fibronectin,
FN1,ITGA2B,Fibronectin,
FN1,ITGA3,Fibronectin,
FN1,ITGA4,Fibronectin,
FN1,ITGA5,Fibronectin,
FN1,ITGA6,Fibronectin,
FN1,ITGA8,Fibronectin,
FN1,ITGA9,Fibronectin,
FN1,ITGAV,Fibronectin,
FN1,ITGB1,Fibronectin,
FN1,ITGB3,Fibronectin,
FN1,ITGB6,Fibronectin,
FN1,ITGB7,Fibronectin,
FN1,ITGB8,Fibronectin,
FN1,MAG,Fibronectin,
FN1,NT5E,Fibronectin,
FN1,PLAUR,Fibronectin,
FN1,ROBO4,Fibronectin,
FN1,SDC2,Fibronectin,
FN1,TMPRSS6,Fibronectin,
FN1,TNFRSF11B,Fibronectin,
FN1,TSHR,Fibronectin,
FSHB,FSHR,UNCAT,
FST,BMPR1B,BMP,
FST,BMPR2,BMP,
FST,HFE2,UNCAT,
GAD1,GRM4,UNCAT,
GAL,GALR1,UNCAT,
GAL,GALR2,UNCAT,
GAL,GALR3,UNCAT,
GAL,GPR151,UNCAT,
GALP,GALR1,UNCAT,
GALP,GALR2,UNCAT,
GALP,GALR3,UNCAT,
GAS6,AXL,Cell-cell adhesion,
GAS6,MERTK,Cell-cell adhesion,
GAS6,TYRO3,Cell-cell adhesion,
GAST,CCKBR,UNCAT,
GCG,GCGR,UNCAT,
GCG,GLP1R,UNCAT,
GCG,GLP2R,UNCAT,
GDF10,ACVR1B,UNCAT,
GDF11,ACVR1B,UNCAT,
GDF11,ACVR2A,UNCAT,
GDF11,ACVR2B,UNCAT,
GDF2,ACVR1,UNCAT,
GDF2,ACVR2A,UNCAT,
GDF2,ACVR2B,UNCAT,
GDF2,ACVRL1,UNCAT,
GDF2,BMPR2,BMP,
GDF2,ENG,UNCAT,
GDF5,ACVR1,UNCAT,
GDF5,ACVR2A,UNCAT,
GDF5,ACVR2B,UNCAT,
GDF5,BMPR1A,BMP,
GDF5,BMPR1B,BMP,
GDF5,BMPR2,BMP,
GDF5,ROR2,UNCAT,
GDF6,BMPR1A,BMP,
GDF6,BMPR1B,BMP,
GDF6,BMPR2,BMP,
GDF7,ACVR2A,UNCAT,
GDF7,BMPR1A,BMP,
GDF7,BMPR2,BMP,
GDF9,ACVR2A,UNCAT,
GDF9,BMPR1A,BMP,
GDF9,BMPR1B,BMP,
GDF9,BMPR2,BMP,
GDF9,FXYD6,UNCAT,
GDF9,ORAI2,UNCAT,
GDF9,TGFBR1,UNCAT,
GDNF,EDNRB,UNCAT,
GDNF,GFRA1,UNCAT,
GDNF,GFRA2,UNCAT,
GDNF,RET,UNCAT,
GDNF,SLC44A5,UNCAT,
GH1,GHR,UNCAT,
GH1,PRLR,UNCAT,
GH2,GHR,UNCAT,
GHRH,GHRHR,UNCAT,
GHRH,VIPR1,UNCAT,
GHRL,GHRHR,UNCAT,
GHRL,GHSR,UNCAT,
GHRL,GPR39,UNCAT,
GHRL,MLNR,UNCAT,
GIP,DPP4,UNCAT,
GIP,GIPR,UNCAT,
GIP,INSR,UNCAT,
GNAI2,ADCY1,UNCAT,
GNAI2,ADCY7,UNCAT,
GNAI2,ADCY8,UNCAT,
GNAI2,ADCY9,UNCAT,
GNAI2,ADORA1,UNCAT,
GNAI2,ADRA2A,UNCAT,
GNAI2,ADRA2B,UNCAT,
GNAI2,AGTR2,UNCAT,
GNAI2,C5AR1,Complement,
GNAI2,CAV1,UNCAT,
GNAI2,CCR5,CC,
GNAI2,CHRM1,UNCAT,
GNAI2,CNR1,UNCAT,
GNAI2,CXCR1,UNCAT,
GNAI2,CXCR2,UNCAT,
GNAI2,CXCR3,UNCAT,
GNAI2,DRD2,UNCAT,
GNAI2,EDNRA,UNCAT,
GNAI2,EDNRB,UNCAT,
GNAI2,EGFR,EGF,
GNAI2,F2R,UNCAT,
GNAI2,FPR1,Chemotaxis,
GNAI2,IGF1R,UNCAT,
GNAI2,LHCGR,UNCAT,
GNAI2,LPAR3,UNCAT,
GNAI2,MTNR1A,UNCAT,
GNAI2,MTNR1B,UNCAT,
GNAI2,OPRD1,UNCAT,
GNAI2,OPRM1,UNCAT,
GNAI2,P2RY12,UNCAT,
GNAI2,PTPRU,UNCAT,
GNAI2,S1PR1,UNCAT,
GNAI2,S1PR3,UNCAT,
GNAI2,S1PR4,UNCAT,
GNAI2,S1PR5,UNCAT,
GNAI2,TBXA2R,UNCAT,
GNAI2,TSHR,UNCAT,
GNAI2,UNC5B,UNCAT,
GNAS,ADCY1,UNCAT,
GNAS,ADCY7,UNCAT,
GNAS,ADCY8,UNCAT,
GNAS,ADCY9,UNCAT,
GNAS,ADORA1,UNCAT,
GNAS,ADRB3,UNCAT,
GNAS,AVPR2,UNCAT,
GNAS,CRHR1,UNCAT,
GNAS,GCGR,UNCAT,
GNAS,GLP1R,UNCAT,
GNAS,HTR6,UNCAT,
GNAS,LHCGR,UNCAT,
GNAS,PTGDR,UNCAT,
GNAS,PTGIR,UNCAT,
GNAS,TSHR,UNCAT,
GNAS,VIPR1,UNCAT,
GNB3,GABBR2,UNCAT,
GNB3,TGFBR1,UNCAT,
GNRH1,GNRHR,UNCAT,
GNRH2,GNRHR,UNCAT,
GPC3,CD81,Complement,
GPC3,IGF1R,Complement,
GPHA2,TSHR,UNCAT,
GPI,AMFR,Chemotaxis,
GREM1,KDR,UNCAT,
GRP,BRS3,UNCAT,
GRP,GRPR,UNCAT,
GRP,NMBR,UNCAT,
GSTP1,TRAF2,TNF,
GUCA2A,GUCY2C,UNCAT,
GUCA2B,GUCY2C,UNCAT,
GUCA2B,GUCY2D,UNCAT,
GZMB,CHRM3,UNCAT,
GZMB,IGF2R,UNCAT,
GZMB,PGRMC1,UNCAT,
HAS2,CD44,Matrix (assorted),
HAS2,HMMR,Matrix (assorted),
HBEGF,CD44,EGF,
HBEGF,CD82,EGF,
HBEGF,CD9,EGF,
HBEGF,EGFR,EGF,
HBEGF,ERBB2,EGF,
HBEGF,ERBB4,EGF,
HBEGF,PRLR,EGF,
HCRT,HCRTR1,UNCAT,
HCRT,HCRTR2,UNCAT,
HCRT,NPFFR2,UNCAT,
HDC,HRH1,UNCAT,
HDC,HRH2,UNCAT,
HDC,HRH3,UNCAT,
HDC,HRH4,UNCAT,
HEBP1,FPR3,UNCAT,
HGF,CD44,UNCAT,
HGF,MET,MET,
HGF,SDC1,UNCAT,
HGF,SDC2,UNCAT,
HGF,ST14,UNCAT,
HHIPL2,CACHD1,UNCAT,
HHLA3,CHRM3,UNCAT,
HLA-A,APLP2,MHC,
HLA-A,CD3D,MHC,
HLA-A,CD3G,MHC,
HLA-A,ERBB2,MHC,
HLA-A,KIR2DL1,MHC,
HLA-A,KIR2DL3,MHC,
HLA-A,KIR3DL1,MHC,
HLA-A,KIR3DL2,MHC,
HLA-A,LILRB1,MHC,
HLA-A,LILRB2,MHC,
HLA-B,CANX,MHC,
HLA-B,CD3D,MHC,
HLA-B,CD3G,MHC,
HLA-B,KIR2DL3,MHC,
HLA-B,KIR3DL1,MHC,
HLA-B,KLRD1,MHC,
HLA-B,LILRB1,MHC,
HLA-B,LILRB2,MHC,
HLA-C,CD3D,MHC,
HLA-C,CD3G,MHC,
HLA-C,DDR1,MHC,
HLA-C,KIR2DL1,MHC,
HLA-C,KIR2DL3,MHC,
HLA-C,KIR2DS4,MHC,
HLA-C,KIR3DL1,MHC,
HLA-C,LILRA3,MHC,
HLA-C,LILRB1,MHC,
HLA-C,LILRB2,MHC,
HLA-C,NOTCH4,NOTCH,
HLA-C,SLC9C2,MHC,
HLA-E,KIR3DL1,MHC,
HLA-E,KLRC1,MHC,
HLA-E,KLRC2,MHC,
HLA-E,KLRD1,MHC,
HLA-E,SLC16A4,MHC,
HLA-G,CD4,MHC,
HLA-G,KIR2DL4,MHC,
HLA-G,KLRC1,MHC,
HLA-G,KLRD1,MHC,
HLA-G,LILRB1,MHC,
HLA-G,LILRB2,MHC,
HMGB1,SDC1,UNCAT,
HMGB1,THBD,Vasoactive,
HP,ASGR1,UNCAT,
HP,ASGR2,UNCAT,
HP,ITGAM,UNCAT,
HP,ITGB2,UNCAT,
HRAS,AGTR1,UNCAT,
HRAS,CAV1,UNCAT,
HRAS,GRIN2D,UNCAT,
HRAS,INSR,UNCAT,
HRAS,SDC2,UNCAT,
HRAS,TLR2,TLR,
HRAS,TLR9,TLR,
HRG,FCGR1A,UNCAT,
HSP90AA1,CFTR,UNCAT,
HSP90AA1,EGFR,EGF,
HSP90AA1,FGFR3,FGF,
HSP90B1,ASGR1,UNCAT,
HSP90B1,ERBB2,UNCAT,
HSP90B1,LRP1,UNCAT,
HSP90B1,TLR1,TLR,
HSP90B1,TLR2,TLR,
HSP90B1,TLR4,TLR,
HSP90B1,TLR7,TLR,
HSP90B1,TLR9,TLR,
HSPA1A,GRIN2D,UNCAT,
HSPA1A,TLR4,TLR,
HSPG2,CHRM3,Matrix glycoproteins,
HSPG2,COL13A1,Matrix glycoproteins,
HSPG2,ITGA2,Matrix glycoproteins,
HSPG2,ITGB1,Matrix glycoproteins,
HSPG2,PTPRS,Matrix glycoproteins,
HSPG2,SDC1,Matrix glycoproteins,
IAPP,CALCR,UNCAT,
IAPP,RAMP1,UNCAT,
IAPP,RAMP2,UNCAT,
IAPP,RAMP3,UNCAT,
IBSP,ITGAV,UNCAT,
ICAM1,CAV1,Cell-cell adhesion,
ICAM1,EGFR,EGF,
ICAM1,IL2RA,Cell-cell adhesion,
ICAM1,IL2RG,Cell-cell adhesion,
ICAM1,ITGAL,Cell-cell adhesion,
ICAM1,ITGAM,Cell-cell adhesion,
ICAM1,ITGAX,Cell-cell adhesion,
ICAM1,ITGB2,Cell-cell adhesion,
ICAM2,ITGAL,Cell-cell adhesion,
ICAM2,ITGAM,Cell-cell adhesion,
ICAM2,ITGB2,Cell-cell adhesion,
ICAM3,CLEC4M,Cell-cell adhesion,
ICAM3,ITGAD,Cell-cell adhesion,
ICAM3,ITGAL,Cell-cell adhesion,
ICAM3,ITGB2,Cell-cell adhesion,
ICAM4,ITGA2B,Cell-cell adhesion,
ICAM4,ITGA4,Cell-cell adhesion,
ICAM4,ITGAL,Cell-cell adhesion,
ICAM4,ITGAM,Cell-cell adhesion,
ICAM4,ITGAV,Cell-cell adhesion,
ICAM4,ITGB1,Cell-cell adhesion,
ICAM4,ITGB2,Cell-cell adhesion,
ICAM4,ITGB3,Cell-cell adhesion,
ICAM4,RHAG,Cell-cell adhesion,
ICAM5,ITGAL,Cell-cell adhesion,
ICAM5,ITGB2,Cell-cell adhesion,
IFNA1,IFNAR1,UNCAT,
IFNA1,IFNAR2,UNCAT,
IFNA10,IFNAR1,UNCAT,
IFNA10,IFNAR2,UNCAT,
IFNA13,IFNAR1,UNCAT,
IFNA13,IFNAR2,UNCAT,
IFNA14,IFNAR1,UNCAT,
IFNA14,IFNAR2,UNCAT,
IFNA16,IFNAR1,UNCAT,
IFNA16,IFNAR2,UNCAT,
IFNA17,IFNAR1,UNCAT,
IFNA17,IFNAR2,UNCAT,
IFNA2,IFNAR1,UNCAT,
IFNA2,IFNAR2,UNCAT,
IFNA21,IFNAR1,UNCAT,
IFNA21,IFNAR2,UNCAT,
IFNA4,IFNAR1,UNCAT,
IFNA4,IFNAR2,UNCAT,
IFNA5,IFNAR1,UNCAT,
IFNA5,IFNAR2,UNCAT,
IFNA6,IFNAR1,UNCAT,
IFNA6,IFNAR2,UNCAT,
IFNA7,IFNAR1,UNCAT,
IFNA7,IFNAR2,UNCAT,
IFNA8,IFNAR1,UNCAT,
IFNA8,IFNAR2,UNCAT,
IFNB1,IFNAR1,UNCAT,
IFNB1,IFNAR2,UNCAT,
IFNG,IFNGR1,UNCAT,
IFNG,IFNGR2,UNCAT,
IFNL1,IFNLR1,UNCAT,
IFNL1,IL10RB,UNCAT,
IFNL2,IFNLR1,UNCAT,
IFNL2,IL10RB,UNCAT,
IFNL3,IFNLR1,UNCAT,
IFNL3,IL10RB,UNCAT,
IFNW1,IFNAR1,UNCAT,
IFNW1,IFNAR2,UNCAT,
IGF1,IGF1R,IGF,
IGF1,INSR,IGF,
IGF2,IGF1R,IGF,
IGF2,IGF2R,IGF,
IGF2,INSR,IGF,
IGFBP4,FZD8,IGF,
IGFBP4,LRP6,IGF,
IGFL1,IGFLR1,IGF,
IGFL2,IGFLR1,IGF,
IGFL3,IGFLR1,IGF,
IHH,BOC,UNCAT,
IHH,CDON,UNCAT,
IHH,HHIP,UNCAT,
IHH,PTCH1,UNCAT,
IHH,PTCH2,UNCAT,
IL10,IL10RA,Interleukins,
IL10,IL10RB,Interleukins,
IL10,SIRPG,Interleukins,
IL11,IL11RA,Interleukins,
IL11,IL6ST,Interleukins,
IL12A,CD28,Interleukins,
IL12A,IL12RB1,Interleukins,
IL12A,IL12RB2,Interleukins,
IL12B,IL12RB1,Interleukins,
IL12B,IL12RB2,Interleukins,
IL12B,IL23R,Interleukins,
IL13,IL13RA1,Interleukins,
IL13,IL13RA2,Interleukins,
IL13,IL2RG,Interleukins,
IL13,IL4R,Interleukins,
IL15,IL15RA,Interleukins,
IL15,IL2RA,Interleukins,
IL15,IL2RB,Interleukins,
IL15,IL2RG,Interleukins,
IL16,CCR5,CC,
IL16,CD4,Interleukins,
IL16,GRIN2C,Interleukins,
IL16,GRIN2D,Interleukins,
IL16,KCNA3,Interleukins,
IL16,KCND1,Interleukins,
IL16,KCND2,Interleukins,
IL16,KCNJ10,Interleukins,
IL16,KCNJ15,Interleukins,
IL16,KCNJ4,Interleukins,
IL17A,IL17RA,Interleukins,
IL17A,IL17RC,Interleukins,
IL17B,IL17RB,Interleukins,
IL17F,IL17RA,Interleukins,
IL18,CD48,Interleukins,
IL18,IL18R1,Interleukins,
IL18,IL18RAP,Interleukins,
IL18,IL1RAPL1,Interleukins,
IL18,IL1RL2,Interleukins,
IL19,IL20RA,Interleukins,
IL19,IL20RB,Interleukins,
IL1A,IL1R1,Interleukins,
IL1A,IL1R2,Interleukins,
IL1A,IL1RAP,Interleukins,
IL1B,ADRB2,Interleukins,
IL1B,IL1R1,Interleukins,
IL1B,IL1R2,Interleukins,
IL1B,IL1RAP,Interleukins,
IL1F10,IL1R1,Interleukins,
IL1RN,IL1R1,Interleukins,
IL1RN,IL1R2,Interleukins,
IL1RN,IL1RL2,Interleukins,
IL2,CD53,Interleukins,
IL2,GYPE,Interleukins,
IL2,IL2RA,Interleukins,
IL2,IL2RB,Interleukins,
IL2,IL2RG,Interleukins,
IL2,NGFR,Interleukins,
IL20,IL20RA,Interleukins,
IL20,IL20RB,Interleukins,
IL20,IL22RA1,Interleukins,
IL21,IL21R,Interleukins,
IL21,IL2RG,Interleukins,
IL22,IL21R,Interleukins,
IL22,IL10RA,Interleukins,
IL22,IL10RB,Interleukins,
IL22,IL22RA1,Interleukins,
IL22,IL22RA2,Interleukins,
IL23A,IL12RB1,Interleukins,
IL23A,IL23R,Interleukins,
IL24,IL20RA,Interleukins,
IL24,IL20RB,Interleukins,
IL24,IL22RA1,Interleukins,
IL25,IL17RB,Interleukins,
IL26,IL20RA,Interleukins,
IL27,IL27RA,Interleukins,
IL3,CSF2RB,Interleukins,
IL3,IL3RA,Interleukins,
IL31,IL31RA,Interleukins,
IL31,OSMR,Interleukins,
IL34,CSF1R,Interleukins,
IL4,CD53,Interleukins,
IL4,IL13RA1,Interleukins,
IL4,IL13RA2,Interleukins,
IL4,IL2RG,Interleukins,
IL4,IL4R,Interleukins,
IL5,CSF2RB,Interleukins,
IL5,IL5RA,Interleukins,
IL6,F3,Interleukins,
IL6,IL6R,Interleukins,
IL6,IL6ST,Interleukins,
IL7,IL2RG,Interleukins,
IL7,IL7R,Interleukins,
IL8,CD79A,Interleukins,
IL8,CXCR1,Interleukins,
IL8,CXCR2,Interleukins,
IL8,DARC,Interleukins,
IL8,KDR,Interleukins,
IL8,SDC1,Interleukins,
IL8,SDC2,Interleukins,
IL8,SDC3,Interleukins,
IL9,IL2RG,Interleukins,
IL9,IL9R,Interleukins,
INHA,ACVR1,UNCAT,
INHA,ACVR1B,UNCAT,
INHA,ACVR2A,UNCAT,
INHA,ACVR2B,UNCAT,
INHA,TGFBR3,UNCAT,
INHBA,ACVR1,TGFB,
INHBA,ACVR1B,TGFB,
INHBA,ACVR2A,TGFB,
INHBA,ACVR2B,TGFB,
INHBA,BAMBI,TGFB,
INHBA,ENG,TGFB,
INHBA,TGFBR3,TGFB,
INHBB,ACVR1,TGFB,
INHBB,ACVR1B,TGFB,
INHBB,ACVR1C,TGFB,
INHBB,ACVR2A,TGFB,
INHBB,ACVR2B,TGFB,
INHBC,ACVR1,UNCAT,
INHBC,ACVR1B,UNCAT,
INHBC,ACVR2A,UNCAT,
INHBC,ACVR2B,UNCAT,
INHBE,ACVR1,UNCAT,
INHBE,ACVR1B,UNCAT,
INHBE,ACVR2A,UNCAT,
INHBE,ENG,UNCAT,
INS,IGF1R,UNCAT,
INS,INSR,UNCAT,
INS,LRP2,UNCAT,
INSL3,RXFP2,UNCAT,
INSL5,RXFP3,UNCAT,
INSL5,RXFP4,UNCAT,
ITGB3BP,ITGB3,UNCAT,
ITGB3BP,ITGB5,UNCAT,
ITIH2,FCER1A,UNCAT,
JAG1,NOTCH1,NOTCH,
JAG1,NOTCH2,NOTCH,
JAG1,NOTCH3,NOTCH,
JAG1,NOTCH4,NOTCH,
JAG2,NOTCH1,NOTCH,
JAG2,NOTCH2,NOTCH,
JAG2,NOTCH3,NOTCH,
JAG2,NOTCH4,NOTCH,
KAL1,FGFR1,FGF,
KAL1,SDC2,UNCAT,
KISS1,KISS1R,UNCAT,
KISS1,MMP24,UNCAT,
KITLG,EPOR,UNCAT,
KITLG,KIT,KIT,
KLK3,EPOR,UNCAT,
KNG1,BDKRB1,Vasoactive,
KNG1,BDKRB2,Vasoactive,
KNG1,CD93,Vasoactive,
KNG1,GP1BA,Vasoactive,
KNG1,GPR135,Vasoactive,
KNG1,ITGAM,Vasoactive,
KNG1,ITGB2,Vasoactive,
KNG1,PLAUR,Vasoactive,
KNG1,RXFP4,Vasoactive,
KNG1,SDC2,Vasoactive,
KRTAP4-12,AQP1,UNCAT,
KRTAP4-12,CATSPER1,UNCAT,
KRTAP4-12,CLDN2,UNCAT,
KRTAP4-12,CNTFR,UNCAT,
KRTAP4-12,DLK2,UNCAT,
KRTAP4-12,LINGO1,UNCAT,
KRTAP4-12,PDGFRB,UNCAT,
KRTAP4-12,PLSCR4,UNCAT,
L1CAM,CNTN1,UNCAT,
L1CAM,EGFR,EGF,
L1CAM,EPHB2,UNCAT,
L1CAM,ERBB2,UNCAT,
L1CAM,ERBB3,UNCAT,
L1CAM,FGFR2,FGF,
L1CAM,ITGA5,UNCAT,
L1CAM,ITGAV,UNCAT,
LACRT,SDC1,UNCAT,
LAMA1,GPC1,Laminins,
LAMA1,ITGA1,Laminins,
LAMA1,ITGA2,Laminins,
LAMA1,ITGA3,Laminins,
LAMA1,ITGA6,Laminins,
LAMA1,ITGA7,Laminins,
LAMA1,ITGB1,Laminins,
LAMA1,ITGB4,Laminins,
LAMA1,ITGB8,Laminins,
LAMA1,NT5E,Laminins,
LAMA1,RPSA,Laminins,
LAMA1,SDC2,Laminins,
LAMA1,SDC4,Laminins,
LAMA1,TMPRSS6,Laminins,
LAMA2,ITGA1,Laminins,
LAMA2,ITGA2,Laminins,
LAMA2,ITGA3,Laminins,
LAMA2,ITGA6,Laminins,
LAMA2,ITGA7,Laminins,
LAMA2,ITGB1,Laminins,
LAMA2,ITGB4,Laminins,
LAMA2,RPSA,Laminins,
LAMA3,SDC2,Laminins,
LAMA4,ITGA3,Laminins,
LAMA4,ITGA6,Laminins,
LAMA4,ITGAV,Laminins,
LAMA4,ITGB1,Laminins,
LAMA5,BCAM,Laminins,
LAMA5,ITGA2,Laminins,
LAMA5,ITGA3,Laminins,
LAMA5,ITGA6,Laminins,
LAMA5,ITGB1,Laminins,
LAMA5,ITGB4,Laminins,
LAMA5,SDC1,Laminins,
LAMB1,ITGA1,Laminins,
LAMB1,ITGA2,Laminins,
LAMB1,ITGA3,Laminins,
LAMB1,ITGA6,Laminins,
LAMB1,ITGA7,Laminins,
LAMB1,ITGAV,Laminins,
LAMB1,ITGB1,Laminins,
LAMB1,ITGB4,Laminins,
LAMB2,RPSA,Laminins,
LAMB3,CD151,Laminins,
LAMB3,COL17A1,Laminins,
LAMB3,ITGA2,Laminins,
LAMB3,ITGA3,Laminins,
LAMB3,ITGA6,Laminins,
LAMB3,ITGB1,Laminins,
LAMB3,ITGB4,Laminins,
LAMC1,ITGA1,Laminins,
LAMC1,ITGA2,Laminins,
LAMC1,ITGA3,Laminins,
LAMC1,ITGA6,Laminins,
LAMC1,ITGA7,Laminins,
LAMC1,ITGAV,Laminins,
LAMC1,ITGB1,Laminins,
LAMC1,ITGB4,Laminins,
LAMC2,CD151,Laminins,
LAMC2,COL17A1,Laminins,
LAMC2,ITGA2,Laminins,
LAMC2,ITGA3,Laminins,
LAMC2,ITGA6,Laminins,
LAMC2,ITGB1,Laminins,
LAMC2,ITGB4,Laminins,
LAMC3,ITGA2,Laminins,
LAMC3,ITGA3,Laminins,
LAMC3,ITGA6,Laminins,
LAMC3,ITGB1,Laminins,
LAMC3,ITGB4,Laminins,
LCN1,LMBR1L,UNCAT,
LCN2,LRP2,UNCAT,
LEFTY2,ACVR2B,UNCAT,
LEP,LEPR,UNCAT,
LEP,LRP2,UNCAT,
LGALS3BP,ITGB1,UNCAT,
LGALS3BP,VANGL1,UNCAT,
LHB,LHCGR,UNCAT,
LIF,IL6ST,Interleukins,
LIF,LIFR,Interleukins,
LIN7C,ABCA1,UNCAT,
LIN7C,HTR2C,UNCAT,
LIN7C,KCNJ4,UNCAT,
LIPC,LRP1,UNCAT,
LIPH,LPAR1,Lysophosphatidic acid,
LIPH,LPAR2,UNCAT,
LIPH,LPAR4,UNCAT,
LPA,ITGAM,UNCAT,
LPA,ITGB2,UNCAT,
LPA,LRP2,UNCAT,
LPL,CD44,UNCAT,
LPL,GPIHBP1,UNCAT,
LPL,LRP1,UNCAT,
LPL,LRP2,UNCAT,
LPL,SDC1,UNCAT,
LPL,VLDLR,UNCAT,
LRP1B,PLAUR,UNCAT,
LRPAP1,LDLR,Intracellular trafficking,
LRPAP1,LRP1,Intracellular trafficking,
LRPAP1,LRP2,Intracellular trafficking,
LRPAP1,LRP8,Intracellular trafficking,
LRPAP1,SORL1,Intracellular trafficking,
LRPAP1,SORT1,Intracellular trafficking,
LRPAP1,VLDLR,Intracellular trafficking,
LTA,CACHD1,UNCAT,
LTA,EDNRA,UNCAT,
LTA,LTBR,UNCAT,
LTA,TNFRSF14,UNCAT,
LTA,TNFRSF1A,UNCAT,
LTA,TNFRSF1B,UNCAT,
LTB,TNFRSF1A,UNCAT,
LTB,CD40,UNCAT,
LTB,LTBR,UNCAT,
LTBP1,ITGB5,UNCAT,
LTBP3,ITGB5,UNCAT,
LTF,GP9,UNCAT,
LTF,GPR162,UNCAT,
LTF,LRP1,UNCAT,
LTF,LRP11,UNCAT,
LTF,TFRC,Transferrin,
LY6G5C,TMEM8A,UNCAT,
LY86,CD180,UNCAT,
LYPD3,AGR2,UNCAT,
LYZ,ITGAL,UNCAT,
MADCAM1,CD44,UNCAT,
MADCAM1,ITGA4,UNCAT,
MADCAM1,ITGB7,UNCAT,
MATN1,ITGA1,UNCAT,
MATN1,ITGB1,UNCAT,
MATN1,PTPRD,UNCAT,
MBL2,CALCR,UNCAT,
MBL2,CD93,UNCAT,
MDK,ALK,NEGF,
MDK,GPC2,NEGF,
MDK,ITGA4,NEGF,
MDK,ITGA6,NEGF,
MDK,ITGB1,NEGF,
MDK,LRP1,NEGF,
MDK,LRP2,NEGF,
MDK,PTPRB,NEGF,
MDK,PTPRZ1,NEGF,
MDK,SDC1,NEGF,
MDK,SDC3,NEGF,
MDK,SDC4,NEGF,
MDK,TSPAN1,NEGF,
MEPE,PHEX,UNCAT,
MFAP2,NOTCH1,NOTCH,
MFAP5,NOTCH1,NOTCH,
MFGE8,ITGAV,UNCAT,
MFGE8,ITGB3,UNCAT,
MFGE8,PDGFRB,UNCAT,
MFI2,TFRC,Transferrin,
MFNG,NOTCH1,NOTCH,
MFNG,NOTCH2,NOTCH,
MIA,CDH19,Cell-cell adhesion,
MIA,CDH7,Cell-cell adhesion,
MLLT4,EPHA7,UNCAT,
MLLT4,EPHB2,UNCAT,
MLLT4,EPHB3,UNCAT,
MLLT4,EPHB6,UNCAT,
MLLT4,F11R,UNCAT,
MLLT4,NRXN2,UNCAT,
MLLT4,NRXN3,UNCAT,
MLLT4,PVRL1,UNCAT,
MLLT4,PVRL2,UNCAT,
MLLT4,PVRL3,UNCAT,
MLLT4,PVRL4,UNCAT,
MLN,MLNR,UNCAT,
MMP1,CD44,MMP,
MMP1,ITGA2,MMP,
MMP12,PLAUR,MMP,
MMP13,LRP1,MMP,
MMP2,SDC2,MMP,
MMP7,CD151,MMP,
MMP7,CD44,MMP,
MMP7,CDH6,MMP,
MMP7,ERBB4,MMP,
MMP9,CD44,MMP,
MMP9,EPHB2,MMP,
MMP9,ITGAM,MMP,
MMP9,ITGB2,MMP,
MMP9,LRP1,MMP,
MST1,MST1R,UNCAT,
MSTN,ACVR2B,UNCAT,
MUC2,AGR2,UNCAT,
MUC7,SELL,Cell-cell adhesion,
MYOC,FZD1,UNCAT,
MYOC,FZD10,UNCAT,
MYOC,FZD3,UNCAT,
MYOC,FZD4,UNCAT,
MYOC,FZD7,UNCAT,
NAMPT,INSR,UNCAT,
NCAM1,CACNA1C,Cell-cell adhesion,
NCAM1,FGFR1,FGF,
NCAM1,FGFR2,FGF,
NCAM1,GFRA1,Cell-cell adhesion,
NCAM1,PTPRA,Cell-cell adhesion,
NCAM1,ROBO1,Cell-cell adhesion,
NCAM1,ROBO3,Cell-cell adhesion,
NCAN,CDH2,Cell-cell adhesion,
NCAN,SDC3,UNCAT,
NDP,FZD4,UNCAT,
NDP,LGR4,UNCAT,
NGF,KIDINS220,UNCAT,
NGF,MAGED1,UNCAT,
NGF,NGFR,UNCAT,
NGF,NGFRAP1,UNCAT,
NGF,NTRK1,UNCAT,
NGF,SORCS3,UNCAT,
NGF,SORT1,UNCAT,
NID1,COL13A1,Matrix (assorted),
NID1,ITGA3,Matrix (assorted),
NID1,ITGAV,Matrix (assorted),
NID1,ITGB1,Matrix (assorted),
NID1,ITGB3,Matrix (assorted),
NID1,PTPRF,Matrix (assorted),
NID2,COL13A1,Matrix (assorted),
NLGN1,NRXN1,Cell-cell adhesion,
NLGN1,NRXN2,Cell-cell adhesion,
NLGN1,NRXN3,Cell-cell adhesion,
NLGN2,NRXN1,Cell-cell adhesion,
NLGN2,NRXN2,Cell-cell adhesion,
NLGN2,NRXN3,Cell-cell adhesion,
NLGN3,NRXN1,Cell-cell adhesion,
NLGN3,NRXN2,Cell-cell adhesion,
NLGN3,NRXN3,Cell-cell adhesion,
NMB,BRS3,UNCAT,
NMB,GRPR,UNCAT,
NMB,NMBR,UNCAT,
NMS,NMUR1,UNCAT,
NMS,NMUR2,UNCAT,
NMU,NMUR1,UNCAT,
NMU,NMUR2,UNCAT,
NODAL,ACVR1B,UNCAT,
NODAL,ACVR1C,UNCAT,
NODAL,ACVR2A,UNCAT,
NODAL,ACVR2B,UNCAT,
NOV,NOTCH1,NOTCH,
NOV,PLXNA1,UNCAT,
NPB,NPBWR1,UNCAT,
NPB,NPBWR2,UNCAT,
NPFF,NPFFR1,UNCAT,
NPFF,NPFFR2,UNCAT,
NPNT,ITGA8,Matrix (assorted),
NPNT,ITGB1,Matrix (assorted),
NPPA,NPR1,UNCAT,
NPPA,NPR3,UNCAT,
NPPB,NPR1,UNCAT,
NPPB,NPR2,UNCAT,
NPPB,NPR3,UNCAT,
NPPC,NPR2,UNCAT,
NPPC,NPR3,UNCAT,
NPS,NPSR1,UNCAT,
NPVF,NPFFR1,UNCAT,
NPVF,NPFFR2,UNCAT,
NPW,NPBWR1,UNCAT,
NPW,NPBWR2,UNCAT,
NPY,FAP,UNCAT,
NPY,MC4R,UNCAT,
NPY,NPFFR2,UNCAT,
NPY,NPY1R,UNCAT,
NPY,NPY2R,UNCAT,
NPY,NPY4R,UNCAT,
NPY,NPY5R,UNCAT,
NPY,PRLHR,UNCAT,
NRG1,ERBB2,Cell-cell adhesion,
NRG1,ERBB3,Cell-cell adhesion,
NRG1,ERBB4,Cell-cell adhesion,
NRG1,GPC1,Cell-cell adhesion,
NRG2,ERBB2,Cell-cell adhesion,
NRG2,ERBB3,Cell-cell adhesion,
NRG2,ERBB4,Cell-cell adhesion,
NRG3,ERBB4,Cell-cell adhesion,
NRG4,EGFR,EGF,
NRG4,ERBB2,Cell-cell adhesion,
NRG4,ERBB4,Cell-cell adhesion,
NRTN,GFRA1,Neurotrophins,
NRTN,GFRA2,Neurotrophins,
NRTN,RET,Neurotrophins,
NTF3,NGFR,Neurotrophins,
NTF3,NTRK1,Neurotrophins,
NTF3,NTRK2,Neurotrophins,
NTF3,NTRK3,Neurotrophins,
NTF4,NGFR,UNCAT,
NTF4,NGFRAP1,UNCAT,
NTF4,NTRK1,UNCAT,
NTF4,NTRK2,UNCAT,
NTF4,NTRK3,UNCAT,
NTN1,ADORA2B,Laminins,
NTN1,DCC,Laminins,
NTN1,NEO1,Laminins,
NTN1,UNC5A,Laminins,
NTN1,UNC5B,Laminins,
NTN1,UNC5C,Laminins,
NTN1,UNC5D,Laminins,
NTN3,CDON,Laminins,
NTN3,NEO1,Laminins,
NTN4,DCC,Laminins,
NTN4,UNC5A,Laminins,
NTNG1,LRRC4C,Laminins,
NTNG2,LRRC4,Laminins,
NTNG2,LRRC4C,Laminins,
NTS,NGFR,UNCAT,
NTS,NTSR1,UNCAT,
NTS,NTSR2,UNCAT,
NTS,SORT1,UNCAT,
NUCB2,ERAP1,UNCAT,
NXPH1,NRXN1,Cell-cell adhesion,
NXPH1,NRXN2,Cell-cell adhesion,
NXPH1,NRXN3,Cell-cell adhesion,
NXPH2,NRXN1,Cell-cell adhesion,
NXPH3,NRXN1,Cell-cell adhesion,
NXPH3,NRXN2,Cell-cell adhesion,
NXPH3,NRXN3,Cell-cell adhesion,
OBP2A,OR1G1,UNCAT,
OLAH,MOG,UNCAT,
OLFM2,ROBO2,UNCAT,
OMG,LINGO1,Matrix glycoproteins,
OMG,NGFR,Matrix glycoproteins,
OMG,RTN4R,Matrix glycoproteins,
OMG,RTN4RL1,Matrix glycoproteins,
OMG,TNFRSF1B,Matrix glycoproteins,
ORM1,CCR5,CC,
OSM,IL6ST,Interleukins,
OSM,LIFR,Interleukins,
OSM,OSMR,Interleukins,
OSTN,NPR3,UNCAT,
OXT,AVPR1A,UNCAT,
OXT,AVPR1B,UNCAT,
OXT,AVPR2,UNCAT,
OXT,OXTR,UNCAT,
P4HB,GPR162,UNCAT,
PAPLN,PVRL4,Vasoactive,
PAPLN,SIRPA,Vasoactive,
PCSK9,VLDLR,UNCAT,
PDAP1,PDGFRB,UNCAT,
PDGFA,PDGFRA,PDGF,
PDGFA,PDGFRB,PDGF,
PDGFB,ART1,PDGF,
PDGFB,ITGAV,PDGF,
PDGFB,LRP1,PDGF,
PDGFB,PDGFRA,PDGF,
PDGFB,PDGFRB,PDGF,
PDGFB,S1PR1,PDGF,
PDGFC,FLT1,PDGF,
PDGFC,FLT4,PDGF,
PDGFC,KDR,PDGF,
PDGFC,PDGFRA,PDGF,
PDGFC,PDGFRB,PDGF,
PDGFD,PDGFRA,PDGF,
PDGFD,PDGFRB,PDGF,
PDX1,SLC2A2,UNCAT,
PDYN,OPRD1,UNCAT,
PDYN,OPRK1,UNCAT,
PDYN,OPRM1,UNCAT,
PENK,MRGPRX1,Opiod,
PENK,OGFR,Opiod,
PENK,OPRD1,Opiod,
PENK,OPRK1,Opiod,
PENK,OPRM1,Opiod,
PF4,CXCR3,CXCL,
PF4,FGFR2,FGF,
PF4,LDLR,CXCL,
PF4,PROCR,CXCL,
PF4,SDC2,CXCL,
PF4,THBD,Vasoactive,
PGF,FLT1,VEGF,
PGF,NRP1,VEGF,
PGF,NRP2,VEGF,
PI3,PLD2,UNCAT,
PIGF,FLT1,IGF,
PIP,CD4,UNCAT,
PIP,NPTN,UNCAT,
PKM,CD44,UNCAT,
PLA2G10,PLA2R1,UNCAT,
PLAT,ITGAM,Vasoactive,
PLAT,ITGB2,Vasoactive,
PLAT,LRP1,Vasoactive,
PLAU,IGF2R,Vasoactive,
PLAU,ITGA3,Vasoactive,
PLAU,ITGA5,Vasoactive,
PLAU,ITGAM,Vasoactive,
PLAU,ITGAV,Vasoactive,
PLAU,ITGB1,Vasoactive,
PLAU,ITGB2,Vasoactive,
PLAU,ITGB5,Vasoactive,
PLAU,LRP1,Vasoactive,
PLAU,LRP2,Vasoactive,
PLAU,MRC2,Vasoactive,
PLAU,PLAUR,Vasoactive,
PLAU,ST14,Vasoactive,
PLAU,VLDLR,Vasoactive,
PLG,F2R,UNCAT,
PLG,F2RL1,UNCAT,
PLG,F3,UNCAT,
PLG,FLT1,UNCAT,
PLG,ITGA9,UNCAT,
PLG,ITGAM,UNCAT,
PLG,ITGB1,UNCAT,
PLG,ITGB2,UNCAT,
PLG,PLAUR,UNCAT,
PLG,PLGRKT,UNCAT,
PLTP,ABCA1,UNCAT,
PMCH,MCHR1,UNCAT,
PMCH,MCHR2,UNCAT,
PNOC,OPRL1,UNCAT,
PODXL,SELL,Cell-cell adhesion,
PODXL2,SELL,Cell-cell adhesion,
POMC,MC1R,UNCAT,
POMC,MC2R,UNCAT,
POMC,MC3R,UNCAT,
POMC,MC4R,UNCAT,
POMC,MC5R,UNCAT,
POMC,OPRD1,UNCAT,
POMC,OPRK1,UNCAT,
POMC,OPRM1,UNCAT,
PON2,HTR2A,UNCAT,
PPBP,CXCR1,UNCAT,
PPBP,CXCR2,UNCAT,
PPBP,DARC,UNCAT,
PPY,NPY1R,UNCAT,
PPY,NPY2R,UNCAT,
PPY,NPY4R,UNCAT,
PPY,NPY5R,UNCAT,
PRL,PRLR,UNCAT,
PRLH,PRLHR,UNCAT,
PRND,RPSA,UNCAT,
PROC,ITGAM,UNCAT,
PROC,ITGB2,UNCAT,
PROC,PROCR,UNCAT,
PROC,THBD,Vasoactive,
PROK1,PROKR1,UNCAT,
PROK1,PROKR2,UNCAT,
PROK2,PROKR1,UNCAT,
PROK2,PROKR2,UNCAT,
PROS1,AXL,Cell-cell adhesion,
PROS1,TYRO3,Cell-cell adhesion,
PRSS23,TMEM222,UNCAT,
PSAP,CD1B,Intracellular trafficking,
PSAP,CELSR1,Intracellular trafficking,
PSAP,GPR37,Intracellular trafficking,
PSAP,GPR37L1,Intracellular trafficking,
PSAP,LRP1,Intracellular trafficking,
PSAP,SORT1,Intracellular trafficking,
PSEN1,CD44,Intracellular trafficking,
PSEN1,NCSTN,Intracellular trafficking,
PSEN1,NOTCH1,NOTCH,
PSEN1,NOTCH2,NOTCH,
PSEN1,NOTCH3,NOTCH,
PSEN1,NOTCH4,NOTCH,
PSPN,GFRA1,UNCAT,
PSPN,GFRA4,UNCAT,
PSPN,RET,UNCAT,
PSPN,SDC3,UNCAT,
PTDSS1,JMJD6,Intracellular trafficking,
PTDSS1,SCARB1,Intracellular trafficking,
PTGS2,ALOX5,UNCAT,
PTGS2,CAV1,UNCAT,
PTGS2,PTGDR2,UNCAT,
PTH,PTH1R,UNCAT,
PTH,PTH2R,UNCAT,
PTH2,PTH1R,UNCAT,
PTH2,PTH2R,UNCAT,
PTHLH,PRLHR,UNCAT,
PTHLH,PTH1R,UNCAT,
PTHLH,PTH2R,UNCAT,
PTMA,VIPR1,UNCAT,
PTN,ALK,NEGF,
PTN,CDH10,NEGF,
PTN,PLXNB2,NEGF,
PTN,PTPRB,NEGF,
PTN,PTPRS,NEGF,
PTN,PTPRZ1,NEGF,
PTN,SDC1,NEGF,
PTN,SDC3,NEGF,
PYY,FAP,UNCAT,
PYY,NPY1R,UNCAT,
PYY,NPY2R,UNCAT,
PYY,NPY4R,UNCAT,
PYY,NPY5R,UNCAT,
QDPR,DYSF,UNCAT,
QRFP,P2RY14,UNCAT,
QRFP,QRFPR,UNCAT,
RAET1E,KLRK1,UNCAT,
RARRES2,CCRL2,CC,
RARRES2,CMKLR1,RARRES,
RARRES2,GPR1,RARRES,
RBP3,NOTCH1,NOTCH,
RBP4,STRA6,UNCAT,
RELN,ITGA3,Matrix glycoproteins,
RELN,ITGB1,Matrix glycoproteins,
RELN,LRP8,Matrix glycoproteins,
RELN,VLDLR,Matrix glycoproteins,
REN,ASIC3,UNCAT,
REN,ATP6AP2,UNCAT,
RGMA,BMPR1B,BMP,
RGMA,BMPR2,BMP,
RGMA,HFE2,BMP,
RGMA,NEO1,BMP,
RGMB,BMPR1B,BMP,
RGMB,BMPR2,BMP,
RGMB,HFE2,UNCAT,
RGMB,NEO1,UNCAT,
RIMS1,CACNA1C,UNCAT,
RIMS1,SLC17A7,UNCAT,
RIMS1,SLC18A2,UNCAT,
RIMS1,SLC18A3,UNCAT,
RIMS2,ABCA1,UNCAT,
RLN1,RXFP1,UNCAT,
RLN1,RXFP2,UNCAT,
RLN2,RXFP1,UNCAT,
RLN2,RXFP2,UNCAT,
RLN3,RXFP1,UNCAT,
RLN3,RXFP2,UNCAT,
RLN3,RXFP3,UNCAT,
RLN3,RXFP4,UNCAT,
RNASE2,TLR2,TLR,
RPH3A,NRXN1,UNCAT,
RPS19,C5AR1,Complement,
RSPO1,FZD8,WNT,
RSPO1,LGR4,WNT,
RSPO1,LGR5,WNT,
RSPO1,LGR6,WNT,
RSPO1,LRP6,WNT,
RSPO1,ZNRF3,WNT,
RSPO2,LGR4,WNT,
RSPO2,LGR5,WNT,
RSPO2,LGR6,WNT,
RSPO3,FZD8,WNT,
RSPO3,LGR4,WNT,
RSPO3,LGR5,WNT,
RSPO3,LGR6,WNT,
RSPO3,LRP6,WNT,
RSPO3,SDC4,WNT,
RSPO4,LGR4,WNT,
RSPO4,LGR5,WNT,
RSPO4,LGR6,WNT,
RTN4,CNTNAP1,Intracellular trafficking,
RTN4,GJB2,Intracellular trafficking,
RTN4,LINGO1,Intracellular trafficking,
RTN4,NGFR,Intracellular trafficking,
RTN4,RTN4R,Intracellular trafficking,
RTN4,RTN4RL1,Intracellular trafficking,
RTN4,TNFRSF19,Intracellular trafficking,
S100A8,TLR4,TLR,
S100A9,TLR4,TLR,
SAA1,FPR1,Chemotaxis,
SAA1,FPR2,Chemotaxis,
SAA1,SCARB1,Intracellular trafficking,
SCGB1A1,LMBR1L,UNCAT,
SCGB1A1,LRP2,UNCAT,
SCGB3A1,MARCO,UNCAT,
SCGB3A2,MARCO,UNCAT,
SCT,SCTR,UNCAT,
SCT,VIPR1,UNCAT,
SCT,VIPR2,UNCAT,
SELPLG,ESAM,Cell-cell adhesion,
SELPLG,ITGAM,Cell-cell adhesion,
SELPLG,ITGB2,Cell-cell adhesion,
SELPLG,SELE,Cell-cell adhesion,
SELPLG,SELL,Cell-cell adhesion,
SELPLG,SELP,Cell-cell adhesion,
SEMA3A,NRP1,Semaphorins,
SEMA3A,NRP2,Semaphorins,
SEMA3A,PLXNA1,Semaphorins,
SEMA3A,PLXNA2,Semaphorins,
SEMA3A,PLXNA3,Semaphorins,
SEMA3A,PLXNA4,Semaphorins,
SEMA3B,NRP1,Semaphorins,
SEMA3B,NRP2,Semaphorins,
SEMA3C,NRP1,Semaphorins,
SEMA3C,NRP2,Semaphorins,
SEMA3C,PLXND1,Semaphorins,
SEMA3D,NRP1,Semaphorins,
SEMA3E,NRP1,Semaphorins,
SEMA3E,PLXND1,Semaphorins,
SEMA3F,NRP1,Semaphorins,
SEMA3F,NRP2,Semaphorins,
SEMA3F,PLXNA1,Semaphorins,
SEMA3F,PLXNA3,Semaphorins,
SEMA3G,NRP2,Semaphorins,
SEMA4A,PLXND1,Semaphorins,
SEMA4B,DCBLD2,Semaphorins,
SEMA4C,PLXNB2,Semaphorins,
SEMA4D,CD72,Semaphorins,
SEMA4D,ERBB2,Semaphorins,
SEMA4D,MET,MET,
SEMA4D,PLXNB1,Semaphorins,
SEMA4D,PLXNB2,Semaphorins,
SEMA4F,NRP2,Semaphorins,
SEMA4G,PLXNB2,Semaphorins,
SEMA5A,MET,MET,
SEMA5A,PLXNB3,Semaphorins,
SEMA6A,PLXNA2,Semaphorins,
SEMA6A,PLXNA4,Semaphorins,
SEMA6D,KDR,Semaphorins,
SEMA6D,PLXNA1,Semaphorins,
SEMA6D,TREM2,Semaphorins,
SEMA6D,TYROBP,Semaphorins,
SEMA7A,ITGA1,Semaphorins,
SEMA7A,ITGB1,Semaphorins,
SEMA7A,PLXNC1,Semaphorins,
SERPINA1,LRP1,Protease inhibition,
SERPINA7,SLC16A2,Protease inhibition,
SERPINC1,GPC1,Protease inhibition,
SERPINC1,LRP1,Protease inhibition,
SERPINC1,SDC2,Protease inhibition,
SERPINE1,ITGAV,Protease inhibition,
SERPINE1,ITGB5,Protease inhibition,
SERPINE1,LRP1,Protease inhibition,
SERPINE1,LRP2,Protease inhibition,
SERPINE1,PLAUR,Protease inhibition,
SERPINE2,LRP1,Protease inhibition,
SERPING1,LRP1,Protease inhibition,
SERPING1,SELE,Protease inhibition,
SERPING1,SELP,Protease inhibition,
SFRP1,FZD2,UNCAT,
SFRP1,FZD6,UNCAT,
SFTPA1,TLR2,TLR,
SFTPA2,CD93,UNCAT,
SFTPD,LY96,UNCAT,
SFTPD,TLR4,TLR,
SHANK1,ABCA1,UNCAT,
SHANK1,BAI2,UNCAT,
SHANK1,LPHN1,UNCAT,
SHANK1,LPHN2,UNCAT,
SHANK1,SSTR2,UNCAT,
SHBG,CD177,UNCAT,
SHBG,CLDN4,UNCAT,
SHBG,SLC37A1,UNCAT,
SHH,BOC,Hedgehog,
SHH,CDON,Hedgehog,
SHH,GPC5,Hedgehog,
SHH,HHIP,Hedgehog,
SHH,LRP2,Hedgehog,
SHH,PTCH1,Hedgehog,
SHH,PTCH2,Hedgehog,
SHH,SMO,Hedgehog,
SLIT1,GPC1,SLIT,
SLIT1,ROBO1,SLIT,
SLIT1,SDC1,SLIT,
SLIT2,DCC,SLIT,
SLIT2,GPC1,SLIT,
SLIT2,ROBO1,SLIT,
SLIT2,ROBO2,SLIT,
SLIT2,ROBO4,SLIT,
SLIT2,SDC1,SLIT,
SLIT3,ROBO2,SLIT,
SLPI,CD4,UNCAT,
SORBS1,INSR,UNCAT,
SORBS1,ITGA1,UNCAT,
SORBS1,ITGB5,UNCAT,
SOST,LRP5,UNCAT,
SOST,LRP6,UNCAT,
SPINK1,EGFR,EGF,
SPINK1,NRSN1,UNCAT,
SPINT1,ST14,UNCAT,
SPON2,ITGAM,UNCAT,
SPON2,ITGB2,UNCAT,
SPP1,CD44,Matrix (assorted),
SPP1,ITGA4,Matrix (assorted),
SPP1,ITGA5,Matrix (assorted),
SPP1,ITGA9,Matrix (assorted),
SPP1,ITGAV,Matrix (assorted),
SPP1,ITGB1,Matrix (assorted),
SPP1,S1PR1,Matrix (assorted),
SST,SSTR1,UNCAT,
SST,SSTR2,UNCAT,
SST,SSTR3,UNCAT,
SST,SSTR4,UNCAT,
SST,SSTR5,UNCAT,
SYTL3,NRXN1,UNCAT,
TAC1,TACR1,UNCAT,
TAC1,TACR2,UNCAT,
TAC1,TACR3,UNCAT,
TAC3,TACR1,Complement,
TAC3,TACR2,Complement,
TAC3,TACR3,Complement,
TAC4,TACR1,UNCAT,
TAC4,TACR2,UNCAT,
TAC4,TACR3,UNCAT,
TCN2,CNR1,UNCAT,
TCN2,LRP2,UNCAT,
TCTN1,TMEM67,UNCAT,
TDGF1,ACVR1B,UNCAT,
TDGF1,ACVR1C,UNCAT,
TDGF1,ACVR2A,UNCAT,
TDGF1,ACVR2B,UNCAT,
TDGF1,GPC1,UNCAT,
TF,GPR162,UNCAT,
TF,TFR2,UNCAT,
TF,TFRC,Transferrin,
TFPI,F3,Vasoactive,
TFPI,LRP1,Vasoactive,
TFPI,SDC4,Vasoactive,
TFPI,VLDLR,Vasoactive,
TG,ASGR1,UNCAT,
TG,LRP2,UNCAT,
TGFA,EGFR,EGF,
TGFA,ERBB2,EGF,
TGFA,ERBB3,EGF,
TGFA,ERBB4,EGF,
TGFB1,ACVRL1,TGFB,
TGFB1,CAV1,TGFB,
TGFB1,CD109,TGFB,
TGFB1,CXCR4,TGFB,
TGFB1,ENG,TGFB,
TGFB1,ITGAV,TGFB,
TGFB1,ITGB6,TGFB,
TGFB1,ITGB8,TGFB,
TGFB1,SDC2,TGFB,
TGFB1,TGFBR1,TGFB,
TGFB1,TGFBR2,TGFB,
TGFB1,TGFBR3,TGFB,
TGFB2,ACVR1,TGFB,
TGFB2,ENG,TGFB,
TGFB2,TGFBR1,TGFB,
TGFB2,TGFBR2,TGFB,
TGFB2,TGFBR3,TGFB,
TGFB3,ACVRL1,TGFB,
TGFB3,ENG,TGFB,
TGFB3,TGFBR1,TGFB,
TGFB3,TGFBR2,TGFB,
TGFB3,TGFBR3,TGFB,
TGM2,GPR56,UNCAT,
TGM2,ITGA4,UNCAT,
TGM2,ITGA9,UNCAT,
TGM2,ITGB1,UNCAT,
TGM2,ITGB3,UNCAT,
TGM2,SDC4,UNCAT,
TGM2,TBXA2R,UNCAT,
THBS1,CD36,Matrix glycoproteins,
THBS1,CD47,Matrix glycoproteins,
THBS1,ITGA2B,Matrix glycoproteins,
THBS1,ITGA3,Matrix glycoproteins,
THBS1,ITGA4,Matrix glycoproteins,
THBS1,ITGA6,Matrix glycoproteins,
THBS1,ITGB1,Matrix glycoproteins,
THBS1,ITGB3,Matrix glycoproteins,
THBS1,LRP1,Matrix glycoproteins,
THBS1,LRP5,Matrix glycoproteins,
THBS1,SCARB1,Matrix glycoproteins,
THBS1,SDC1,Matrix glycoproteins,
THBS1,SDC4,Matrix glycoproteins,
THBS1,TNFRSF11B,Matrix glycoproteins,
THBS2,CD47,Matrix glycoproteins,
THBS2,ITGA4,Matrix glycoproteins,
THBS2,ITGA6,Matrix glycoproteins,
THBS2,ITGB1,Matrix glycoproteins,
THBS2,NOTCH3,NOTCH,
THBS2,NOTCH4,NOTCH,
THPO,MPL,UNCAT,
THPO,SIRPB1,UNCAT,
TIMP1,CD63,MMP,
TIMP2,ITGA3,MMP,
TIMP2,ITGB1,MMP,
TIMP3,AGTR2,MMP,
TIMP3,KDR,MMP,
TNC,CNTN1,UNCAT,
TNC,EGFR,EGF,
TNC,ITGA2,UNCAT,
TNC,ITGA5,UNCAT,
TNC,ITGA7,UNCAT,
TNC,ITGA8,UNCAT,
TNC,ITGA9,UNCAT,
TNC,ITGAV,UNCAT,
TNC,ITGB1,UNCAT,
TNC,NT5E,UNCAT,
TNC,PTPRB,UNCAT,
TNC,PTPRZ1,UNCAT,
TNC,SDC1,UNCAT,
TNC,SDC4,UNCAT,
TNF,LTBR,TNF,
TNF,SLC5A11,TNF,
TNF,TNFRSF1A,TNF,
TNF,TNFRSF1B,TNF,
TNF,TNFRSF21,TNF,
TNF,TRAF2,TNF,
TNFSF10,TNFRSF10A,TNF,
TNFSF10,TNFRSF10B,TNF,
TNFSF10,TNFRSF10C,TNF,
TNFSF10,TNFRSF10D,TNF,
TNFSF10,TNFRSF11B,TNF,
TNFSF11,TNFRSF11A,TNF,
TNFSF11,TNFRSF11B,TNF,
TNFSF12,TNFRSF12A,TNF,
TNFSF12,TNFRSF25,TNF,
TNFSF13,FAS,TNF,
TNFSF13,SDC2,TNF,
TNFSF13,TNFRSF11B,TNF,
TNFSF13,TNFRSF13B,TNF,
TNFSF13,TNFRSF14,TNF,
TNFSF13,TNFRSF17,TNF,
TNFSF13,TNFRSF1A,TNF,
TNFSF13B,TNFRSF13B,TNF,
TNFSF13B,TNFRSF13C,TNF,
TNFSF13B,TNFRSF17,TNF,
TNFSF14,LTBR,TNF,
TNFSF14,TNFRSF14,TNF,
TNFSF14,TNFRSF6B,TNF,
TNFSF15,TNFRSF25,TNF,
TNFSF15,TNFRSF6B,TNF,
TNFSF18,TNFRSF18,TNF,
TNFSF4,TNFRSF4,TNF,
TNFSF4,TRAF2,TNF,
TNFSF8,TNFRSF8,TNF,
TNFSF9,TNFRSF9,TNF,
TNFSF9,TRAF2,TNF,
TPH1,HTR1A,UNCAT,
TPH1,HTR1B,UNCAT,
TPH1,HTR1D,UNCAT,
TPH1,HTR1E,UNCAT,
TPH1,HTR1F,UNCAT,
TPH1,HTR2A,UNCAT,
TPH1,HTR2B,UNCAT,
TPH1,HTR2C,UNCAT,
TPH1,HTR4,UNCAT,
TPH1,HTR5A,UNCAT,
TPH1,HTR6,UNCAT,
TPH1,HTR7,UNCAT,
TRH,TRHR,UNCAT,
TSHB,TSHR,UNCAT,
TSLP,IL7R,UNCAT,
UBA52,ACVR1,Ubiquitin,
UBA52,AGTR1,Ubiquitin,
UBA52,BMPR1B,BMP,
UBA52,EGFR,EGF,
UBA52,ERBB2,Ubiquitin,
UBA52,FSHR,Ubiquitin,
UBA52,NOTCH1,NOTCH,
UBA52,TGFBR1,Ubiquitin,
UBA52,TGFBR2,Ubiquitin,
UCN,CRHR1,UNCAT,
UCN,CRHR2,UNCAT,
UCN2,IL10RB,UNCAT,
UCN2,CRHR1,UNCAT,
UCN2,CRHR2,UNCAT,
UCN3,CRHR1,UNCAT,
UCN3,CRHR2,UNCAT,
UCN3,IL10RB,UNCAT,
ULBP2,KLRK1,UNCAT,
UTS2,UTS2R,UNCAT,
UTS2B,UTS2R,UNCAT,
VASP,CXCR2,UNCAT,
VCAM1,ITGA4,Cell-cell adhesion,
VCAM1,ITGA9,Cell-cell adhesion,
VCAM1,ITGAD,Cell-cell adhesion,
VCAM1,ITGB1,Cell-cell adhesion,
VCAM1,ITGB2,Cell-cell adhesion,
VCAM1,ITGB7,Cell-cell adhesion,
VCAN,CD44,UNCAT,
VCAN,EGFR,EGF,
VCAN,ITGA4,UNCAT,
VCAN,ITGB1,UNCAT,
VCAN,SELL,Cell-cell adhesion,
VCAN,SELP,Cell-cell adhesion,
VCAN,TLR1,TLR,
VCAN,TLR2,TLR,
VEGFA,EGFR,EGF,
VEGFA,EPHB2,VEGF,
VEGFA,FLT1,VEGF,
VEGFA,GPC1,VEGF,
VEGFA,ITGA9,VEGF,
VEGFA,ITGAV,VEGF,
VEGFA,ITGB1,VEGF,
VEGFA,KDR,VEGF,
VEGFA,NRP1,VEGF,
VEGFA,NRP2,VEGF,
VEGFA,RET,VEGF,
VEGFA,SIRPA,VEGF,
VEGFA,TYRO3,VEGF,
VEGFB,FLT1,VEGF,
VEGFB,NRP1,VEGF,
VEGFB,RET,VEGF,
VEGFB,TYRO3,VEGF,
VEGFC,FLT1,VEGF,
VEGFC,FLT4,VEGF,
VEGFC,ITGA9,VEGF,
VEGFC,ITGB1,VEGF,
VEGFC,KDR,VEGF,
VEGFC,LYVE1,VEGF,
VEGFC,NRP2,VEGF,
VEGFC,VIPR2,VEGF,
VIM,CD44,UNCAT,
VIP,ADCYAP1R1,Vasoactive,
VIP,NPR3,Vasoactive,
VIP,SCTR,Vasoactive,
VIP,VIPR1,Vasoactive,
VIP,VIPR2,Vasoactive,
VTN,CD47,Matrix glycoproteins,
VTN,ITGA2B,Matrix glycoproteins,
VTN,ITGA3,Matrix glycoproteins,
VTN,ITGA5,Matrix glycoproteins,
VTN,ITGA8,Matrix glycoproteins,
VTN,ITGAV,Matrix glycoproteins,
VTN,ITGB1,Matrix glycoproteins,
VTN,ITGB3,Matrix glycoproteins,
VTN,ITGB5,Matrix glycoproteins,
VTN,ITGB6,Matrix glycoproteins,
VTN,ITGB8,Matrix glycoproteins,
VTN,KDR,Matrix glycoproteins,
VTN,PLAUR,Matrix glycoproteins,
VTN,PVR,Matrix glycoproteins,
VTN,TNFRSF11B,Matrix glycoproteins,
VWF,GP1BA,Vasoactive,
VWF,ITGA2B,Vasoactive,
VWF,SELP,Vasoactive,
VWF,SIRPA,Vasoactive,
VWF,TNFRSF11B,Vasoactive,
WNT1,FZD1,WNT,
WNT1,FZD3,WNT,
WNT1,FZD5,WNT,
WNT1,FZD7,WNT,
WNT1,FZD8,WNT,
WNT1,FZD9,WNT,
WNT1,LRP5,WNT,
WNT1,LRP6,WNT,
WNT1,RYK,WNT,
WNT11,FZD7,WNT,
WNT16,FZD6,WNT,
WNT2,FZD1,WNT,
WNT2,FZD5,WNT,
WNT2,FZD7,WNT,
WNT2,FZD8,WNT,
WNT2,FZD9,WNT,
WNT2,LRP6,WNT,
WNT3,FZD1,WNT,
WNT3,FZD5,WNT,
WNT3,FZD7,WNT,
WNT3,FZD8,WNT,
WNT3,LRP6,WNT,
WNT3,RYK,WNT,
WNT3A,APCDD1,WNT,
WNT3A,ATP6AP2,WNT,
WNT3A,FZD1,WNT,
WNT3A,FZD2,WNT,
WNT3A,FZD5,WNT,
WNT3A,FZD6,WNT,
WNT3A,FZD7,WNT,
WNT3A,FZD8,WNT,
WNT3A,LRP1,WNT,
WNT3A,LRP6,WNT,
WNT3A,RYK,WNT,
WNT4,FZD2,WNT,
WNT4,FZD6,WNT,
WNT5A,FZD1,WNT,
WNT5A,FZD2,WNT,
WNT5A,FZD4,WNT,
WNT5A,FZD5,WNT,
WNT5A,FZD6,WNT,
WNT5A,FZD7,WNT,
WNT5A,FZD8,WNT,
WNT5A,LRP5,WNT,
WNT5A,MCAM,WNT,
WNT5A,ROR1,WNT,
WNT5A,ROR2,WNT,
WNT5A,RYK,WNT,
WNT7A,FZD10,WNT,
WNT7A,FZD5,WNT,
WNT7A,FZD9,WNT,
WNT7A,LRP6,WNT,
WNT7B,FZD1,WNT,
WNT7B,FZD10,WNT,
WNT7B,LRP5,WNT,
XCL1,XCR1,UNCAT,
XCL2,XCR1,UNCAT,
YARS,CXCR1,UNCAT,
ZG16B,CXCR4,UNCAT,
ZG16B,TLR2,TLR,
ZG16B,TLR4,TLR,
ZG16B,TLR5,TLR,
ZG16B,TLR6,TLR,
ZP3,EGFR,EGF,
ZP3,MERTK,UNCAT,